ID,Checking_Account,Duration,Payment_Status,Purpose,Amount,Savings_Account,Employment,Installment,Personal_Status,Guarantors,Residence_Length,Assets,Age,Credit_Rating,Existing_Credits,Housing_Type,Num_Credits,Occupation,Dependents,Telephone,Foreign_Worker,Approval
1,1,24,2,0,1442,1,4,4,2,1,4.0,3,23,4,3,1,2.0,3,1,1,1,0
2,4,24,2,3,1413,1,3,4,4,1,2.0,2,28,59,3,2,1.0,3,1,1,1,1
3,1,12,2,3,2214,1,3,4,3,1,3.0,2,24,26,3,2,1.0,2,1,1,1,1
4,1,30,2,2,3108,1,2,2,1,1,4.0,2,31,26,3,2,1.0,2,1,1,1,0
5,4,54,0,1,9436,5,3,2,3,1,2.0,2,39,97,3,2,1.0,2,2,1,1,1
6,2,36,1,4,3990,5,2,3,2,1,2.0,4,29,19,1,2,1.0,1,1,1,1,1
7,2,48,2,3,10961,4,4,1,3,2,2.0,4,27,19,1,2,2.0,3,1,2,1,0
8,1,12,4,0,2171,1,3,4,3,1,4.0,2,38,98,1,2,2.0,2,1,1,2,1
9,1,24,2,2,1747,1,2,4,3,2,1.0,2,24,92,3,2,1.0,2,1,1,2,1
10,2,30,1,2,3496,4,3,4,3,1,2.0,3,34,72,2,2,1.0,3,2,2,1,1
11,1,10,4,0,2241,1,2,1,3,1,3.0,1,48,99,3,1,2.0,2,2,1,2,1
12,1,40,4,6,5998,1,3,4,3,1,3.0,4,27,9,1,2,1.0,3,1,2,1,1
13,4,15,2,4,874,5,2,4,2,1,1.0,1,24,99,3,2,1.0,3,1,1,1,1
14,4,30,1,1,7485,5,1,4,2,1,1.0,1,53,13,1,2,1.0,4,1,2,1,0
15,1,27,4,9,2442,1,5,4,3,1,4.0,3,43,98,2,2,4.0,4,2,2,1,1
16,1,12,1,0,697,1,2,4,3,1,2.0,3,46,2,1,2,2.0,3,1,2,1,0
17,2,9,2,2,2030,5,4,2,3,1,1.0,3,24,99,3,2,1.0,3,1,2,1,1
18,4,12,0,2,2759,1,5,2,3,1,4.0,2,34,99,3,2,2.0,3,1,1,1,1
19,1,10,4,0,1038,1,4,4,3,2,3.0,2,49,99,3,2,2.0,3,1,2,1,1
20,4,6,4,0,2080,3,3,1,4,1,2.0,3,24,97,3,2,1.0,3,1,1,1,1
21,2,20,3,10,2629,1,3,2,3,1,3.0,3,29,86,1,2,2.0,3,1,2,1,1
22,1,6,2,2,428,1,5,2,2,1,1.0,2,49,99,1,2,1.0,3,1,2,1,1
23,4,18,2,3,1126,5,2,4,2,1,,1,21,92,3,1,1.0,3,1,2,1,1
24,4,15,2,3,1213,3,5,4,3,1,3.0,2,47,99,2,2,1.0,3,1,2,1,0
25,1,21,3,6,3414,1,2,2,3,1,1.0,2,26,1,2,2,2.0,3,1,1,1,0
26,4,18,4,3,629,3,5,4,3,1,3.0,2,32,99,1,2,2.0,4,1,2,1,1
27,1,24,2,0,1207,1,2,4,2,1,4.0,2,24,8,3,1,1.0,3,1,1,1,0
28,1,12,2,0,900,5,3,4,4,1,2.0,3,23,34,3,2,1.0,3,1,1,1,0
29,4,15,4,2,1520,5,5,4,3,1,4.0,2,63,99,3,2,1.0,3,1,1,1,1
30,1,21,1,0,1647,5,3,4,3,1,2.0,2,40,6,1,2,2.0,2,2,1,1,0
31,1,12,4,0,2122,1,3,3,3,1,2.0,1,39,99,3,1,2.0,2,2,1,2,1
32,1,36,1,2,2746,1,5,4,3,1,4.0,3,31,5,1,2,1.0,3,1,1,1,0
33,4,42,4,2,4041,3,3,4,3,1,4.0,1,36,99,3,2,2.0,3,1,2,1,1
34,2,24,4,1,7758,4,5,2,2,1,4.0,4,29,99,3,1,1.0,3,1,1,1,1
35,4,21,3,9,2580,3,2,4,3,1,2.0,1,41,17,1,2,1.0,2,2,1,1,0
36,4,21,0,0,5003,5,3,1,2,1,4.0,2,29,44,1,2,2.0,3,1,2,1,0
37,4,10,2,0,1287,5,5,4,3,2,2.0,2,45,99,3,2,,2,1,1,2,1
38,3,12,4,0,939,3,4,4,4,1,2.0,1,28,35,3,2,3.0,3,1,2,1,1
39,4,12,2,3,1262,1,3,3,3,1,2.0,3,25,99,3,2,1.0,3,1,1,1,1
40,1,30,2,1,3857,1,3,4,1,1,4.0,2,40,99,3,2,1.0,4,1,2,1,1
41,2,36,4,3,2337,1,5,4,3,1,4.0,1,36,99,3,2,1.0,3,1,1,1,1
42,4,12,4,0,682,2,4,4,2,1,5.0,3,51,99,3,2,2.0,3,1,2,1,1
43,1,24,1,2,3552,1,4,3,3,1,4.0,3,27,6,1,2,1.0,3,1,1,1,0
44,1,15,4,2,1478,1,5,4,3,1,4.0,3,44,99,3,2,2.0,3,2,2,1,1
45,2,48,0,9,3844,2,4,4,3,1,4.0,4,34,10,3,3,1.0,2,2,1,1,0
46,4,36,3,1,8947,5,4,3,3,1,2.0,3,31,84,2,2,1.0,4,2,2,1,1
47,1,45,2,3,1845,1,3,4,3,1,4.0,4,23,3,3,3,1.0,3,1,2,1,0
48,4,12,4,6,2748,1,5,2,2,1,5.0,4,57,99,1,3,3.0,2,1,1,1,1
49,4,7,3,3,846,5,5,3,3,1,,4,36,99,3,3,1.0,3,1,1,1,1
50,1,15,2,0,3959,1,3,3,2,1,2.0,2,29,99,3,2,1.0,3,1,2,1,0
51,1,36,2,1,8335,5,5,3,3,1,4.0,4,47,75,3,3,,3,1,1,1,0
52,4,15,3,2,960,4,4,3,2,1,2.0,2,30,99,3,2,2.0,3,1,1,1,1
53,4,18,2,2,1984,1,3,4,3,1,4.0,4,47,96,1,3,2.0,3,1,1,1,1
54,4,18,0,9,4165,1,3,2,3,1,2.0,3,36,11,2,2,2.0,3,1,1,1,0
55,2,15,0,0,1778,1,2,2,2,1,1.0,1,26,6,3,1,2.0,1,1,1,1,0
56,4,12,2,3,776,1,3,4,4,1,2.0,1,28,99,3,2,1.0,3,1,1,1,1
57,2,24,2,0,1201,1,2,4,3,1,1.0,2,26,95,3,2,1.0,3,1,1,1,1
58,1,36,4,6,8065,1,3,3,2,1,2.0,4,25,9,3,2,2.0,4,1,2,1,0
59,1,24,4,1,2957,1,5,4,3,1,4.0,2,63,88,3,2,2.0,3,1,2,1,1
60,2,12,2,3,1331,1,2,2,3,1,1.0,3,22,3,3,2,1.0,3,1,1,1,0
61,4,6,4,3,1237,2,3,1,2,1,1.0,2,27,99,3,2,2.0,3,1,1,1,1
62,4,12,4,9,2292,1,1,4,3,1,2.0,3,42,9,2,2,2.0,4,1,2,1,0
63,4,15,2,2,2221,3,3,2,2,1,4.0,3,20,99,3,1,1.0,3,1,1,1,1
64,4,18,4,1,3229,5,1,2,3,1,4.0,4,38,99,3,2,1.0,4,1,2,1,1
65,2,18,0,0,2278,2,2,3,2,1,3.0,3,28,8,3,2,2.0,3,1,1,1,0
66,1,12,4,0,4843,1,5,3,3,2,4.0,2,43,50,3,1,2.0,3,1,2,1,0
67,4,28,4,3,2743,1,5,4,3,1,2.0,3,29,99,3,2,2.0,3,1,1,1,1
68,1,21,4,0,1602,1,5,4,4,1,3.0,3,30,99,3,2,2.0,3,1,2,1,1
69,4,6,2,1,1236,3,3,2,3,1,4.0,2,50,99,3,1,1.0,3,1,1,1,1
70,2,36,2,0,3275,5,3,1,3,1,4.0,4,37,12,1,3,1.0,3,1,2,1,0
71,4,6,2,6,1538,1,2,1,2,1,2.0,4,56,92,3,2,1.0,3,1,1,1,1
72,3,15,4,3,1271,5,3,3,3,1,4.0,4,39,65,3,3,2.0,3,1,2,1,0
73,1,18,2,6,750,1,1,4,2,1,,1,27,2,3,2,1.0,1,1,1,1,0
74,2,24,2,3,5084,5,5,2,2,1,4.0,3,42,99,3,2,1.0,3,1,2,1,0
75,3,21,2,0,2923,2,3,1,2,1,1.0,3,28,96,1,2,1.0,4,1,2,1,1
76,4,6,2,0,672,1,1,1,2,1,4.0,1,54,97,3,2,1.0,1,1,2,1,1
77,4,24,4,2,1585,1,4,4,3,1,3.0,2,40,83,3,2,2.0,3,1,1,1,1
78,4,9,2,3,1478,1,4,4,3,1,2.0,3,22,45,3,2,1.0,3,1,1,1,0
79,4,18,4,3,1149,4,3,4,3,1,3.0,1,46,85,3,2,2.0,3,1,1,1,1
80,2,36,2,6,3711,5,3,2,4,1,2.0,3,27,97,3,2,1.0,3,1,1,1,1
81,2,36,3,9,9857,2,4,1,3,1,3.0,2,31,82,3,2,2.0,2,2,2,1,1
82,4,24,2,0,7393,1,3,1,3,1,4.0,2,43,98,3,2,1.0,2,2,1,1,1
83,3,15,2,9,2687,1,4,2,3,1,4.0,2,26,99,3,1,1.0,3,1,2,1,1
84,4,24,4,10,6314,1,1,4,3,2,2.0,4,27,76,1,2,2.0,4,1,2,1,1
85,1,6,2,0,1374,5,1,4,2,1,3.0,2,75,87,3,2,1.0,4,1,2,1,1
86,4,24,4,2,2028,1,4,2,3,1,2.0,2,30,83,3,2,2.0,2,1,1,1,1
87,4,10,2,0,1546,1,3,3,3,1,5.0,1,31,99,3,2,1.0,2,2,1,2,0
88,2,12,3,3,585,1,3,4,4,2,4.0,1,20,73,3,1,,3,1,1,1,1
89,2,18,2,3,866,1,3,4,4,3,2.0,1,25,52,3,2,1.0,2,1,1,1,1
90,1,6,4,2,3384,1,3,1,1,1,4.0,1,44,35,3,1,1.0,4,1,2,1,0
91,2,39,4,3,4933,1,4,2,3,3,2.0,1,25,44,3,2,2.0,3,1,1,1,0
92,4,14,4,2,1402,3,4,3,2,1,4.0,3,37,98,3,1,1.0,3,1,2,1,1
93,4,24,4,1,6842,5,3,2,3,1,4.0,2,46,99,3,2,2.0,4,2,2,1,1
94,2,48,0,9,14421,1,3,2,3,1,,3,25,0,2,2,1.0,3,1,2,1,0
95,4,60,2,3,10144,2,4,2,2,1,4.0,1,21,51,3,2,1.0,3,1,2,1,1
96,4,36,2,9,7409,5,5,3,3,1,,2,37,96,3,2,2.0,3,1,1,1,0
97,2,12,2,3,1567,1,3,1,2,1,1.0,3,22,99,3,2,1.0,3,1,2,1,1
98,4,12,2,3,886,5,3,4,2,1,2.0,3,21,97,3,2,1.0,3,1,1,1,1
99,2,18,2,5,3872,1,1,2,2,1,4.0,3,67,89,3,2,1.0,3,1,2,1,1
100,4,36,2,9,5742,2,4,2,3,1,5.0,3,31,98,3,2,2.0,3,1,2,1,1
101,4,12,4,3,1240,5,5,4,2,1,2.0,1,38,99,3,2,2.0,3,1,2,1,1
102,4,39,2,1,8588,2,5,4,3,1,2.0,3,45,99,3,2,1.0,4,1,2,1,1
103,2,36,2,3,4795,1,2,4,2,1,1.0,4,30,99,3,2,1.0,4,1,2,1,1
104,4,24,2,1,2603,4,3,2,2,1,4.0,3,28,98,3,1,1.0,3,1,2,1,1
105,1,15,2,3,1053,1,2,4,4,1,2.0,1,27,98,3,2,1.0,3,1,1,2,1
106,1,12,2,3,674,2,4,4,4,1,1.0,2,20,3,3,2,1.0,3,1,1,1,0
107,1,24,3,0,1333,1,1,4,3,1,2.0,1,43,5,3,3,2.0,3,2,1,1,0
108,1,15,2,1,4788,1,4,4,3,1,3.0,2,26,69,3,2,1.0,3,2,1,1,1
109,4,18,2,3,1505,1,3,4,3,1,2.0,4,32,92,3,3,1.0,4,1,2,1,1
110,4,18,2,0,2662,5,4,4,3,1,3.0,2,32,98,3,2,1.0,3,1,1,2,1
111,4,21,3,2,1591,2,4,4,3,1,3.0,1,34,99,3,2,2.0,4,1,1,1,1
112,4,18,4,0,1028,1,3,4,2,1,3.0,1,36,99,3,2,2.0,3,1,1,1,1
113,2,18,2,0,1042,5,3,4,2,1,,2,33,30,3,2,1.0,3,1,1,1,0
114,2,21,2,2,3976,5,4,2,3,1,3.0,3,35,99,3,2,1.0,3,1,2,1,1
115,4,11,4,0,1393,1,2,4,2,1,4.0,3,35,99,3,2,2.0,4,1,1,1,1
116,4,42,2,3,7166,5,4,2,4,1,4.0,2,29,99,3,1,1.0,3,1,2,1,1
117,4,12,4,3,1291,1,3,4,2,1,2.0,2,35,99,3,2,2.0,3,1,1,1,1
118,3,18,1,3,1445,5,4,4,3,1,4.0,3,49,97,1,2,1.0,2,1,1,1,1
119,2,30,4,0,5234,1,1,4,4,1,2.0,3,28,16,3,2,2.0,4,1,1,1,0
120,4,18,3,9,2169,1,3,4,4,1,2.0,3,28,12,3,2,1.0,3,1,2,1,0
121,4,24,2,0,1393,1,3,2,3,3,2.0,1,31,99,3,2,1.0,3,1,2,1,1
122,4,15,4,1,3368,4,5,3,3,1,4.0,4,23,87,3,1,2.0,3,1,2,1,1
123,4,6,0,3,426,1,5,4,4,1,4.0,3,39,99,3,2,1.0,2,1,1,1,0
124,1,18,4,0,5302,1,5,2,3,1,4.0,4,36,94,3,3,3.0,4,1,2,1,1
125,4,30,4,3,3077,5,5,3,3,1,2.0,3,40,99,3,2,2.0,3,2,2,1,0
126,1,12,3,0,1344,1,3,4,3,1,2.0,1,43,99,3,2,2.0,2,2,1,1,1
127,4,24,2,2,5511,2,3,4,3,1,1.0,3,25,96,2,2,1.0,3,1,1,1,1
128,4,24,2,3,2397,3,5,3,3,1,2.0,3,35,49,1,2,2.0,3,1,2,1,0
129,4,10,4,2,2146,1,2,1,2,1,3.0,1,23,99,3,1,2.0,3,1,1,1,1
130,1,60,3,9,6836,1,5,3,3,1,4.0,4,63,22,3,2,2.0,3,1,2,1,0
131,4,11,4,3,1154,2,1,4,2,1,4.0,1,57,98,3,2,3.0,2,1,1,1,1
132,1,24,4,1,6419,1,5,2,2,1,4.0,4,44,83,3,3,2.0,4,2,2,1,1
133,4,48,4,9,7629,5,5,4,1,1,2.0,3,46,99,1,2,2.0,4,2,1,1,1
134,2,9,4,6,1501,1,5,2,2,1,3.0,3,34,95,3,2,2.0,4,1,2,1,0
135,4,36,3,9,9572,1,2,1,1,1,1.0,3,28,10,3,2,2.0,3,1,1,1,0
136,4,36,2,6,9055,5,3,2,3,1,4.0,4,35,95,3,3,1.0,2,2,2,1,1
137,4,6,2,8,1238,5,1,4,3,1,4.0,2,36,93,3,2,1.0,4,2,2,1,1
138,1,27,2,3,3416,1,3,3,3,1,2.0,3,27,93,3,2,1.0,4,1,1,1,1
139,4,9,2,2,1980,1,2,2,2,2,2.0,3,19,20,3,1,2.0,3,1,1,1,0
140,2,48,2,2,9960,1,2,1,2,1,2.0,3,26,2,1,2,1.0,3,1,2,1,0
141,4,15,4,2,2788,1,4,2,2,2,3.0,3,24,99,1,2,2.0,3,1,1,1,1
142,1,21,2,3,1835,1,3,3,2,1,2.0,1,25,7,3,2,2.0,3,1,2,1,0
143,1,12,2,2,708,1,3,2,3,3,3.0,2,38,70,3,2,1.0,2,2,1,1,1
144,1,48,0,1,4605,1,5,3,3,1,4.0,4,24,3,3,3,2.0,3,2,1,1,0
145,1,30,2,2,6350,5,5,4,3,1,4.0,2,31,11,3,2,1.0,3,1,1,1,0
146,4,12,4,3,1655,1,5,2,3,1,4.0,1,63,99,3,2,2.0,2,1,2,1,1
147,2,12,2,0,1223,1,5,1,1,1,,1,46,7,3,1,2.0,3,1,1,1,0
148,1,24,1,2,6872,1,2,2,1,1,1.0,2,55,9,1,2,1.0,3,1,2,1,0
149,4,9,2,9,1449,1,4,3,2,1,2.0,3,27,98,3,2,2.0,3,1,1,1,1
150,4,12,4,0,926,1,1,1,2,1,2.0,2,38,84,3,2,1.0,1,1,1,1,1
151,1,36,3,6,6887,1,3,4,3,1,3.0,2,29,11,2,2,1.0,3,1,2,1,0
152,2,18,2,0,5866,2,3,2,3,1,2.0,3,30,99,3,2,,3,1,2,1,1
153,4,12,2,0,3108,3,3,2,2,1,2.0,2,26,27,3,2,1.0,3,1,1,1,0
154,1,18,0,2,3114,1,2,1,2,1,4.0,2,26,2,3,1,1.0,3,1,1,1,0
155,4,6,2,3,2108,1,4,2,4,1,2.0,1,29,99,3,1,1.0,3,1,1,1,1
156,1,18,2,2,4153,1,3,2,3,2,3.0,3,42,10,3,2,1.0,3,1,1,1,1
157,4,6,2,2,2978,3,3,1,3,1,,3,32,99,3,2,1.0,3,1,2,1,0
158,1,20,4,2,4272,1,5,1,2,1,4.0,2,24,63,3,2,2.0,3,1,1,1,1
159,1,24,2,3,2439,1,2,4,2,1,4.0,1,35,4,3,2,1.0,3,1,2,1,0
160,2,24,4,6,5743,1,2,2,2,1,4.0,4,24,93,3,3,2.0,3,1,2,1,0
161,4,9,2,2,2301,2,2,2,2,1,,2,22,99,3,1,,3,1,1,1,0
162,2,42,4,9,5954,1,4,2,2,1,1.0,1,41,99,1,2,2.0,2,1,1,1,1
163,4,6,4,3,1554,1,4,1,2,1,2.0,3,24,99,3,1,2.0,3,1,2,1,1
164,4,36,3,2,7678,3,4,2,2,1,4.0,3,40,99,3,2,2.0,3,1,2,1,1
165,4,15,4,2,3343,1,3,4,3,1,2.0,4,28,99,3,3,1.0,3,1,2,1,1
166,4,36,4,9,6304,5,5,4,3,1,4.0,1,36,93,3,2,2.0,3,1,1,1,1
167,4,24,4,3,2872,2,5,3,3,1,4.0,1,36,99,3,2,,3,2,2,1,1
168,4,30,4,1,7596,5,5,1,3,1,4.0,3,63,96,3,2,2.0,3,1,1,1,1
169,2,6,2,3,590,1,2,3,4,1,3.0,1,26,49,3,2,,2,1,1,2,1
170,1,36,2,0,9271,1,4,2,3,1,,3,24,19,3,2,1.0,3,1,2,1,0
171,4,24,2,3,1533,1,2,4,2,1,3.0,3,38,99,2,2,1.0,3,1,2,1,1
172,3,18,2,3,2100,1,3,4,3,2,2.0,1,37,7,3,2,1.0,3,1,1,1,0
173,4,18,2,3,2051,1,2,4,3,1,1.0,1,33,92,3,2,1.0,3,1,1,1,1
174,4,15,2,3,1979,5,5,4,3,1,2.0,3,35,99,3,2,1.0,3,1,1,1,1
175,1,13,4,9,1797,1,2,3,3,1,1.0,2,28,28,1,2,2.0,2,1,1,1,1
176,1,15,2,0,1721,1,2,2,3,1,3.0,1,36,99,3,2,1.0,3,1,1,1,1
177,4,24,2,1,3488,2,4,3,2,1,4.0,3,23,98,3,2,1.0,3,1,1,1,1
178,4,24,4,3,2611,1,5,4,4,2,3.0,1,46,97,3,2,2.0,3,1,1,1,1
179,3,24,2,3,1377,2,5,4,2,1,2.0,4,47,89,3,3,1.0,3,1,2,1,1
180,4,36,4,2,7127,1,2,2,2,1,4.0,2,23,91,3,1,2.0,3,1,2,1,0
181,4,12,4,6,2096,1,4,2,3,1,3.0,1,49,92,3,2,1.0,2,2,1,1,1
182,2,45,4,3,4746,1,2,4,3,1,2.0,2,24,2,1,2,2.0,2,1,1,1,0
183,2,12,2,3,1484,5,3,2,4,1,1.0,1,25,23,3,2,1.0,3,1,2,1,0
184,4,10,4,0,1231,1,5,3,3,1,4.0,1,32,99,3,2,2.0,2,2,1,2,1
185,1,6,4,3,338,3,5,4,3,1,4.0,3,52,99,3,2,2.0,3,1,1,1,1
186,4,12,2,0,3527,5,2,2,3,1,3.0,2,45,99,3,2,1.0,4,2,2,1,1
187,2,24,3,3,1553,2,4,3,2,1,2.0,2,23,78,3,1,2.0,3,1,2,1,1
188,1,6,4,0,609,1,4,4,2,1,3.0,2,37,77,3,2,2.0,3,1,1,1,1
189,1,6,4,0,4716,5,2,1,3,1,3.0,1,44,99,3,2,2.0,2,2,1,1,1
190,2,9,2,3,458,1,3,4,3,1,3.0,1,24,95,3,2,1.0,3,1,1,1,1
191,4,24,2,3,999,5,5,4,3,1,2.0,3,25,98,3,2,2.0,3,1,1,1,1
192,1,42,2,3,3965,1,2,4,3,1,3.0,3,34,8,3,2,1.0,3,1,1,1,0
193,3,10,2,4,1225,1,3,2,3,1,2.0,3,37,98,3,2,1.0,3,1,2,1,1
194,4,16,2,1,9277,5,3,2,1,1,4.0,4,48,95,3,3,1.0,3,1,2,1,1
195,2,36,3,0,2225,1,5,4,3,1,4.0,4,57,20,1,3,2.0,3,1,2,1,0
196,4,9,2,4,1236,1,2,1,2,1,4.0,1,23,99,3,1,1.0,3,1,2,1,1
197,1,12,2,0,1372,1,4,2,1,1,3.0,3,36,5,3,2,1.0,3,1,1,1,1
198,4,27,2,5,5190,5,5,4,3,1,,2,48,99,3,2,4.0,3,2,2,1,1
199,3,10,4,3,1347,5,4,4,3,1,2.0,2,27,99,3,2,2.0,3,1,2,1,1
200,3,30,3,9,1908,1,5,4,3,1,4.0,1,66,66,3,2,1.0,4,1,2,1,0
201,2,24,4,10,11938,1,3,2,3,2,3.0,3,39,45,3,2,2.0,4,2,2,1,0
202,2,27,2,9,3915,1,3,4,3,1,,3,36,11,3,2,1.0,3,2,2,1,0
203,2,12,2,0,836,2,2,4,2,1,2.0,2,23,35,1,2,1.0,2,1,1,1,0
204,2,24,3,2,2333,5,2,4,3,1,2.0,2,29,89,1,2,1.0,2,1,1,1,1
205,2,27,2,1,7966,1,2,2,3,1,3.0,3,30,71,3,2,2.0,3,1,1,1,1
206,1,36,2,2,3959,1,1,4,3,1,3.0,2,30,35,3,2,1.0,4,1,2,1,1
207,1,24,2,9,6568,1,3,2,4,1,2.0,3,21,85,2,2,1.0,2,1,1,1,1
208,1,18,2,3,1882,1,3,4,2,1,4.0,3,25,1,1,1,2.0,3,1,1,1,0
209,1,25,1,2,2483,3,3,4,3,1,4.0,1,22,99,2,2,1.0,3,1,2,1,1
210,1,36,3,9,2145,1,4,2,3,1,1.0,3,24,16,3,2,2.0,3,1,2,1,0
211,4,24,2,0,3757,1,5,4,2,2,4.0,4,62,89,3,3,1.0,3,1,2,1,1
212,4,60,3,3,15653,1,4,2,3,1,4.0,3,21,69,3,2,2.0,3,1,2,1,1
213,2,36,2,3,2323,1,4,4,3,1,4.0,3,24,87,3,1,1.0,3,1,1,1,1
214,1,24,2,0,1381,5,3,4,2,1,2.0,2,35,23,3,2,1.0,3,1,1,1,0
215,3,15,2,6,1905,1,5,4,3,1,4.0,3,40,73,3,1,1.0,4,1,2,1,1
216,4,21,4,0,12680,5,5,4,3,1,4.0,4,30,66,3,3,1.0,4,1,2,1,0
217,2,18,4,3,1795,1,5,3,2,3,4.0,1,48,65,1,1,2.0,2,1,2,1,1
218,4,6,4,2,1221,5,3,1,4,1,2.0,2,27,99,3,2,2.0,3,1,1,1,1
219,2,8,2,9,907,1,2,3,4,1,2.0,1,26,75,3,2,1.0,3,1,2,1,1
220,2,9,2,0,1549,5,2,4,3,1,2.0,1,35,99,3,2,1.0,1,1,1,1,1
221,3,36,2,3,3919,1,3,2,3,1,2.0,1,23,97,3,2,1.0,3,1,2,1,1
222,3,12,2,0,1330,1,2,4,3,1,1.0,1,26,73,3,2,1.0,3,1,1,1,1
223,2,9,2,6,1199,1,4,4,2,1,4.0,2,67,65,3,2,2.0,4,1,2,1,1
224,2,20,4,1,1804,2,2,3,3,1,4.0,2,44,98,3,2,1.0,3,1,1,1,1
225,1,24,2,10,1755,1,5,4,2,3,4.0,1,58,99,3,2,1.0,2,1,2,1,1
226,4,18,4,1,3850,1,4,3,3,1,1.0,3,27,92,3,2,2.0,3,1,1,1,1
227,2,18,4,2,6361,1,5,2,3,1,1.0,4,41,99,3,2,1.0,3,1,2,1,1
228,3,12,2,2,2251,1,3,1,2,1,2.0,3,46,99,3,2,1.0,2,1,1,1,1
229,4,24,2,3,3430,3,5,3,3,1,2.0,3,31,99,3,2,1.0,3,2,2,1,1
230,1,9,2,0,1422,1,2,3,3,1,2.0,4,27,22,3,3,1.0,4,1,2,1,0
231,4,9,2,6,3832,5,5,1,3,1,4.0,1,64,99,3,2,1.0,2,1,1,1,1
232,4,36,4,1,5842,1,5,2,3,1,2.0,2,35,99,3,2,2.0,3,2,2,1,1
233,1,18,2,3,3190,1,3,2,2,1,2.0,1,24,7,3,2,1.0,3,1,1,1,0
234,2,29,3,3,1919,2,2,4,3,1,3.0,4,30,14,2,2,2.0,4,1,1,1,0
235,2,18,4,0,884,1,5,4,3,1,4.0,3,36,22,3,2,1.0,3,2,2,1,0
236,1,18,2,1,7511,5,5,1,3,1,4.0,2,51,23,3,3,1.0,3,2,2,1,0
237,4,18,2,3,1473,1,2,3,4,1,4.0,1,39,99,3,2,1.0,3,1,2,1,1
238,4,12,2,6,719,1,5,4,3,1,4.0,3,41,13,1,2,1.0,2,2,1,1,1
239,2,24,2,3,2896,2,2,2,3,1,1.0,3,29,74,3,2,1.0,3,1,1,1,1
240,4,24,3,0,2538,1,5,4,3,1,4.0,3,47,75,3,2,,2,2,1,1,0
241,1,18,2,4,1217,1,3,4,4,1,3.0,1,47,26,3,2,1.0,2,1,2,1,0
242,4,48,4,6,6110,1,3,1,3,1,3.0,4,31,42,1,3,1.0,3,1,2,1,1
243,1,11,4,0,3905,1,3,2,3,1,2.0,1,36,98,3,1,2.0,3,2,1,1,1
244,4,30,3,9,4272,2,3,2,3,1,2.0,2,26,80,3,2,2.0,2,1,1,1,1
245,4,12,2,1,4675,5,2,1,2,1,4.0,3,20,99,3,1,1.0,3,1,1,1,1
246,4,18,4,3,1169,5,3,4,3,1,3.0,2,29,99,3,2,2.0,3,1,2,1,1
247,1,24,2,2,4169,1,3,4,3,1,4.0,2,28,52,3,2,1.0,3,1,1,1,1
248,4,12,4,9,1264,5,5,4,3,1,4.0,4,57,99,3,1,1.0,2,1,1,1,1
249,4,15,4,3,1316,3,3,2,4,1,2.0,2,47,99,3,2,2.0,2,1,1,1,1
250,2,24,2,0,1246,1,2,4,3,1,2.0,1,23,1,1,2,1.0,2,1,1,1,0
251,3,11,1,3,409,4,3,3,2,1,3.0,1,42,99,3,1,2.0,3,1,1,1,0
252,2,8,2,3,760,1,4,4,2,3,2.0,1,44,58,3,2,1.0,2,1,1,1,1
253,2,9,2,3,1206,1,5,4,2,1,4.0,1,25,96,3,2,1.0,3,1,1,1,1
254,1,18,2,2,1131,1,1,4,2,1,2.0,3,33,3,3,2,1.0,3,1,1,1,0
255,2,18,4,2,1928,1,2,2,3,1,2.0,1,31,14,3,2,2.0,2,1,1,1,0
256,4,24,2,1,7814,1,4,3,3,1,3.0,3,38,97,3,2,1.0,4,1,2,1,1
257,1,18,0,9,3104,1,4,3,3,1,1.0,2,31,52,1,2,1.0,3,1,2,1,1
258,4,12,2,3,1493,1,2,4,2,1,3.0,3,34,98,3,2,1.0,3,2,1,1,1
259,1,21,2,3,3357,4,2,4,2,1,2.0,3,29,96,1,2,1.0,3,1,1,1,1
260,1,36,2,1,5493,1,5,2,3,1,4.0,4,42,41,3,3,1.0,3,2,1,1,1
261,3,42,4,1,4796,1,5,4,3,1,4.0,4,56,99,3,3,1.0,3,1,1,1,1
262,2,12,2,2,3017,1,2,3,2,1,1.0,1,34,57,3,1,1.0,4,1,1,1,1
263,4,15,2,3,3568,1,5,4,2,1,2.0,3,54,99,1,1,1.0,4,1,2,1,1
264,3,24,2,2,3749,1,2,2,2,1,4.0,3,26,98,3,2,1.0,3,1,1,1,1
265,1,48,2,0,7763,1,5,4,3,1,4.0,4,42,10,1,3,1.0,4,1,1,1,0
266,2,39,3,6,11760,2,4,2,3,1,3.0,4,32,96,3,1,1.0,3,1,2,1,1
267,1,12,2,0,2579,1,2,4,3,1,1.0,1,33,2,3,2,,2,2,1,1,0
268,1,12,2,0,759,1,4,4,3,1,2.0,1,26,16,3,2,1.0,3,1,1,1,0
269,2,12,2,0,1007,4,3,4,4,1,1.0,1,22,90,3,2,1.0,3,1,1,1,1
270,1,21,2,3,2606,1,2,4,2,1,4.0,2,28,95,3,1,1.0,4,1,2,1,1
271,2,24,2,1,12579,1,5,4,2,1,2.0,4,44,12,3,3,1.0,4,1,2,1,0
272,4,15,2,2,2708,1,2,2,3,1,3.0,2,27,99,1,2,2.0,2,1,1,1,1
273,4,24,2,3,3235,3,5,3,1,1,2.0,3,36,99,3,2,1.0,4,1,2,1,1
274,4,24,4,3,1516,4,3,4,2,1,1.0,1,43,99,3,2,2.0,2,1,1,1,1
275,1,9,4,5,3296,2,5,3,3,3,4.0,1,48,97,3,2,2.0,3,2,1,2,1
276,2,15,3,9,4455,1,3,2,1,1,2.0,1,30,99,2,2,2.0,4,1,2,1,0
277,1,24,2,0,3123,1,2,4,2,1,1.0,2,27,4,3,2,1.0,3,1,1,1,0
278,3,12,2,3,3016,1,3,3,4,1,1.0,3,24,99,3,2,1.0,3,1,1,1,1
279,2,36,3,0,2862,2,5,4,3,1,3.0,4,30,49,3,3,1.0,3,1,1,1,1
280,4,10,4,2,2069,5,3,2,4,1,1.0,3,26,99,3,2,2.0,3,1,1,2,1
281,4,12,4,3,618,1,5,4,3,1,4.0,1,56,98,3,2,1.0,3,1,1,1,1
282,2,27,0,9,8318,1,5,2,2,1,4.0,4,42,6,2,3,2.0,4,1,2,1,0
283,3,15,2,3,2327,1,2,2,2,1,3.0,1,25,17,3,2,1.0,2,1,1,1,0
284,4,12,2,0,2133,5,5,4,2,1,4.0,4,52,98,3,3,1.0,4,1,2,1,1
285,1,24,2,0,4817,1,4,2,3,2,3.0,2,31,13,3,2,1.0,3,1,2,1,0
286,2,18,2,1,2779,1,3,1,4,1,3.0,3,21,35,3,1,1.0,3,1,2,1,1
287,4,10,2,8,894,5,4,4,2,1,3.0,2,40,98,3,2,1.0,3,1,2,1,1
288,4,9,2,3,2697,1,3,1,3,1,2.0,1,32,99,3,2,1.0,3,2,1,1,1
289,4,12,4,3,797,5,5,4,2,1,3.0,2,33,37,3,2,1.0,2,2,1,1,0
290,1,24,2,3,1603,1,5,4,2,1,4.0,3,55,98,3,2,,3,1,1,1,1
291,2,12,2,3,1103,1,4,4,3,3,3.0,1,29,73,3,2,2.0,3,1,1,1,1
292,2,9,2,0,276,1,3,4,4,1,,1,22,97,3,1,1.0,2,1,1,1,1
293,3,18,2,3,1297,1,3,3,4,1,4.0,1,23,99,3,1,1.0,3,1,1,1,1
294,2,12,2,3,6468,5,1,2,3,1,1.0,4,52,13,3,2,1.0,4,1,2,1,0
295,4,9,2,2,1313,1,5,1,3,1,4.0,3,20,99,3,2,1.0,3,1,1,1,1
296,4,9,4,0,2134,1,3,4,3,1,4.0,3,48,99,3,2,3.0,3,1,2,1,1
297,2,18,3,5,6204,1,3,2,3,1,4.0,1,44,99,3,2,1.0,2,2,2,1,1
298,2,12,2,0,6078,1,4,2,3,1,2.0,3,32,98,3,2,1.0,3,1,1,1,1
299,4,24,4,1,2346,1,4,4,3,1,3.0,3,35,99,3,2,2.0,3,1,2,1,1
300,1,21,4,0,571,1,5,4,3,1,4.0,1,65,94,3,2,2.0,3,1,1,1,1
301,4,24,3,1,4679,1,4,3,3,1,3.0,3,35,99,3,2,,2,1,2,1,1
302,2,45,4,1,4576,2,1,3,3,1,4.0,3,27,36,3,2,1.0,3,1,1,1,1
303,4,12,4,5,996,5,4,4,2,1,4.0,1,23,99,3,2,2.0,3,1,1,1,1
304,1,12,0,0,1082,1,3,4,3,1,4.0,3,48,18,1,2,2.0,3,1,1,1,0
305,2,24,2,3,3758,3,1,1,2,1,4.0,4,23,99,3,1,1.0,1,1,1,1,1
306,4,24,4,6,1927,5,3,3,2,1,2.0,3,33,99,3,2,2.0,3,1,2,1,1
307,3,12,1,9,609,1,2,4,2,1,1.0,1,26,3,1,2,1.0,1,1,1,1,0
308,4,36,0,5,2613,1,3,4,3,1,2.0,3,27,33,3,2,,3,1,1,1,1
309,1,21,2,0,3763,5,4,2,3,2,2.0,1,24,98,3,2,1.0,2,1,1,2,1
310,1,30,0,9,8072,5,2,2,3,1,3.0,3,25,99,1,2,3.0,3,1,1,1,1
311,4,11,2,9,2142,4,5,1,1,1,2.0,1,28,99,3,2,1.0,3,1,2,1,1
312,1,6,2,0,662,1,2,3,3,1,4.0,1,41,95,3,2,1.0,2,2,2,1,1
313,4,48,4,1,2751,5,5,4,3,1,,3,38,99,3,2,2.0,3,2,2,1,1
314,1,48,2,9,4308,1,2,3,2,1,4.0,2,24,0,3,1,1.0,3,1,1,1,0
315,4,12,2,3,1963,1,4,4,3,1,2.0,3,31,99,3,1,2.0,4,2,2,1,1
316,1,9,4,0,2799,1,3,2,3,1,2.0,1,36,99,3,1,2.0,3,2,1,1,1
317,4,36,2,2,3349,1,3,4,2,1,2.0,3,28,84,3,2,1.0,4,1,2,1,0
318,1,25,2,2,3345,1,5,4,3,1,,2,39,24,3,1,1.0,4,1,2,1,0
319,1,42,2,2,7882,1,4,2,3,3,4.0,2,45,70,3,3,1.0,3,2,1,1,1
320,1,12,2,2,1289,1,3,4,3,3,1.0,2,21,54,3,2,1.0,2,1,1,1,1
321,1,36,4,2,6229,1,2,4,2,2,4.0,4,23,56,3,1,2.0,2,1,2,1,0
322,4,36,2,1,8133,1,3,1,2,1,2.0,2,30,94,1,2,1.0,3,1,1,1,1
323,1,24,2,2,2996,5,3,2,4,1,4.0,3,20,45,3,2,1.0,3,1,1,1,0
324,1,36,2,10,15857,1,1,2,1,2,5.0,3,43,37,3,2,1.0,4,1,1,1,1
325,2,36,2,6,2273,1,4,3,3,1,1.0,3,32,99,3,2,2.0,3,2,1,1,1
326,2,12,2,3,1092,1,3,4,2,3,4.0,1,49,75,3,2,2.0,3,1,2,1,1
327,4,24,3,2,3284,2,3,2,3,1,3.0,2,35,99,3,2,2.0,3,1,1,1,1
328,1,16,4,0,2625,1,5,2,3,3,4.0,2,43,21,3,1,1.0,3,1,2,2,0
329,2,9,2,2,918,1,3,4,2,1,1.0,2,30,90,3,2,1.0,3,1,1,1,0
330,4,30,2,3,2333,3,5,4,3,1,5.0,3,30,99,1,2,1.0,4,1,1,1,1
331,4,36,2,3,3595,1,5,4,3,1,2.0,3,28,99,3,2,1.0,3,1,1,1,1
332,1,6,2,4,343,1,2,4,2,1,1.0,1,27,86,3,2,1.0,3,1,1,1,1
333,1,18,2,3,3509,1,4,4,2,3,1.0,1,25,63,3,2,1.0,3,1,1,1,1
334,1,24,2,0,2303,1,5,4,3,2,1.0,1,45,5,3,2,1.0,3,1,1,1,0
335,4,24,4,0,1940,4,5,4,3,1,4.0,1,60,99,3,2,1.0,3,1,2,1,1
336,2,24,4,3,1216,2,2,4,3,1,4.0,4,38,62,1,2,2.0,3,2,1,1,0
337,4,12,2,0,640,1,3,4,1,1,2.0,1,49,99,3,2,1.0,2,1,1,1,1
338,4,18,4,3,2404,1,3,2,2,1,2.0,3,26,98,3,2,2.0,3,1,1,1,1
339,4,48,4,1,11590,2,3,2,2,1,4.0,3,24,10,3,1,2.0,2,1,1,1,0
340,1,24,2,0,1285,5,4,4,2,1,4.0,4,32,32,3,1,1.0,3,1,1,1,0
341,1,18,2,2,2659,4,3,4,3,1,2.0,3,28,98,3,2,1.0,3,1,1,1,1
342,2,9,4,6,1136,4,5,4,3,1,3.0,4,32,79,3,3,2.0,3,2,1,1,0
343,4,24,4,1,3868,1,5,4,2,1,2.0,3,41,99,3,1,2.0,4,1,2,1,1
344,1,15,0,0,950,1,5,4,3,1,3.0,3,33,24,3,1,2.0,3,2,1,1,0
345,1,18,2,2,2039,1,3,1,2,1,4.0,1,20,0,3,1,1.0,3,1,1,1,0
346,4,12,2,3,2171,1,2,2,2,1,2.0,3,29,98,1,2,1.0,3,1,1,1,1
347,2,24,4,0,3878,2,2,4,1,1,2.0,3,37,87,3,2,1.0,3,1,2,1,1
348,3,12,2,3,1881,1,3,2,2,1,2.0,3,44,82,3,1,1.0,2,1,2,1,1
349,4,15,2,6,4623,2,3,3,3,1,2.0,2,40,56,3,2,1.0,4,1,2,1,0
350,4,12,2,0,2390,5,5,4,3,1,3.0,3,50,99,3,2,1.0,3,1,2,1,1
351,2,12,2,0,1318,4,5,4,3,1,4.0,1,54,99,3,2,1.0,3,1,2,1,1
352,2,30,3,9,2503,2,5,4,3,1,2.0,2,41,70,2,2,2.0,3,1,1,1,1
353,4,24,2,2,2835,3,5,3,3,1,4.0,2,53,99,3,2,1.0,3,1,1,1,1
354,2,30,2,2,3441,2,3,2,2,2,4.0,3,21,6,1,1,1.0,3,1,1,1,0
355,4,12,4,6,2012,5,4,4,2,1,2.0,3,61,99,3,2,1.0,3,1,1,1,1
356,1,30,2,3,2522,1,5,1,3,3,3.0,2,39,73,3,2,1.0,3,2,1,1,0
357,4,12,4,0,1495,1,5,4,3,1,1.0,1,38,99,3,2,2.0,2,2,1,1,1
358,4,12,4,3,976,5,5,4,3,1,4.0,3,35,99,3,2,2.0,3,1,1,1,1
359,2,12,4,0,1995,2,2,4,3,1,1.0,3,27,99,3,2,1.0,3,1,1,1,1
360,4,18,4,3,1582,4,5,4,3,1,4.0,3,46,99,3,2,2.0,3,1,1,1,1
361,2,36,3,0,7432,1,3,2,2,1,2.0,2,54,99,3,1,1.0,3,1,1,1,1
362,1,18,2,0,976,1,2,1,2,1,2.0,3,23,-1,3,2,1.0,2,1,1,1,0
363,3,18,2,2,2864,1,3,2,3,1,1.0,1,34,20,3,2,1.0,2,2,1,1,0
364,1,24,3,0,4870,1,3,3,3,1,4.0,4,53,18,3,3,2.0,3,2,1,1,0
365,2,18,2,0,6260,1,4,3,3,1,3.0,1,28,99,3,1,1.0,2,1,1,1,1
366,2,24,3,2,2064,1,1,3,2,1,2.0,2,34,5,3,2,1.0,4,1,2,1,0
367,2,7,2,3,2329,1,2,1,2,3,1.0,1,45,49,3,2,1.0,3,1,1,1,1
368,1,30,2,2,3622,4,5,4,2,1,4.0,2,57,67,3,1,2.0,3,1,2,1,1
369,4,24,4,3,3256,5,5,4,3,1,4.0,2,53,99,3,2,2.0,3,1,1,1,1
370,4,12,4,0,1255,1,5,4,3,1,4.0,1,61,99,3,2,2.0,2,1,1,1,1
371,4,24,2,1,2670,1,5,4,3,1,4.0,3,35,99,3,2,1.0,4,1,2,1,1
372,1,18,4,5,1190,1,1,2,2,1,4.0,4,55,5,3,3,3.0,1,2,1,1,0
373,3,18,2,2,3049,1,2,1,2,1,1.0,2,45,27,2,2,1.0,2,1,1,1,1
374,4,24,4,1,2197,5,4,4,3,1,4.0,3,43,99,3,2,2.0,3,2,2,1,1
375,1,36,4,2,2348,1,3,3,4,1,2.0,2,46,66,3,2,2.0,3,1,2,1,1
376,4,10,2,0,1364,1,3,2,2,1,4.0,3,64,99,3,2,1.0,3,1,2,1,1
377,4,36,3,9,7980,5,2,4,3,1,4.0,3,27,51,3,1,2.0,3,1,2,1,0
378,4,7,4,3,730,5,5,4,3,1,2.0,2,46,97,3,1,2.0,2,1,2,1,1
379,2,12,2,3,1155,1,5,3,4,3,3.0,1,40,66,1,2,2.0,2,1,1,1,1
380,1,18,2,3,1345,1,3,4,4,1,3.0,1,26,7,3,2,1.0,3,1,1,1,0
381,1,12,4,0,2121,1,3,4,3,1,,2,30,98,3,2,2.0,3,1,1,1,1
382,4,30,4,3,2831,1,3,4,2,1,2.0,3,33,99,3,2,1.0,3,1,2,1,1
383,4,12,4,2,1935,1,5,4,3,1,4.0,1,43,97,3,2,3.0,3,1,2,1,1
384,1,6,4,0,860,1,5,1,2,1,4.0,4,39,99,3,2,2.0,3,1,2,1,1
385,4,21,4,2,2288,1,2,4,2,1,4.0,2,23,95,3,2,1.0,3,1,2,1,1
386,3,42,0,9,6289,1,2,2,1,1,,2,33,20,3,2,2.0,3,1,1,1,1
387,4,24,4,9,4526,1,3,3,3,1,2.0,1,74,99,3,2,1.0,4,1,2,1,1
388,3,24,4,0,1344,5,4,4,3,1,2.0,1,37,39,1,2,2.0,2,2,1,1,0
389,3,10,2,2,1275,1,2,4,2,1,2.0,2,23,99,3,2,1.0,3,1,1,1,1
390,1,6,4,0,666,4,4,3,2,1,4.0,1,39,98,3,2,2.0,2,1,2,1,1
391,2,18,4,9,1887,5,3,4,4,1,4.0,1,28,99,1,2,2.0,3,1,1,1,1
392,2,48,2,0,8487,5,4,1,2,1,2.0,3,24,99,3,2,1.0,3,1,1,1,1
393,4,12,4,3,717,1,5,4,3,1,4.0,1,52,99,3,2,,3,1,1,1,1
394,4,12,4,3,1934,1,5,2,3,1,2.0,4,26,97,3,2,2.0,3,1,1,1,1
395,4,10,2,0,1597,3,3,3,3,1,2.0,4,40,97,3,1,1.0,2,2,1,2,1
396,4,6,4,0,250,4,3,2,2,1,2.0,1,41,99,1,2,2.0,2,1,1,1,1
397,4,24,2,0,1525,4,4,4,2,1,3.0,3,34,99,3,2,1.0,3,2,2,1,1
398,2,9,4,2,1919,1,4,4,3,1,3.0,3,35,99,3,1,1.0,3,1,2,1,1
399,1,12,2,3,701,1,3,4,4,1,,1,40,74,3,2,1.0,2,1,1,1,1
400,1,42,4,5,3394,1,1,4,3,2,4.0,3,65,31,3,2,2.0,1,1,1,1,1
401,4,9,2,0,3577,2,3,1,3,3,2.0,1,26,99,3,1,1.0,3,2,1,2,1
402,4,21,2,9,1572,4,5,4,2,1,4.0,1,36,99,1,2,1.0,2,1,1,1,1
403,4,6,2,4,1338,3,3,1,1,1,4.0,1,62,69,3,2,1.0,3,1,1,1,0
404,1,6,4,3,1169,5,5,4,3,1,4.0,1,67,94,3,2,,3,1,2,1,1
405,4,30,4,3,5954,1,4,3,3,2,2.0,3,38,99,3,2,1.0,3,1,1,1,1
406,1,23,2,1,2812,5,5,2,2,1,4.0,1,26,99,3,1,,3,1,1,1,1
407,4,10,2,6,727,3,5,4,3,1,4.0,4,46,99,3,3,1.0,3,1,2,1,1
408,1,36,2,0,3249,1,4,2,3,1,4.0,4,39,52,1,3,1.0,4,2,2,1,1
409,1,6,4,0,3676,1,3,1,3,1,3.0,1,37,99,3,1,3.0,3,2,1,1,1
410,1,6,2,0,14896,1,5,1,3,1,4.0,4,68,19,1,2,1.0,4,1,2,1,0
411,2,36,0,9,3119,1,5,4,3,1,4.0,4,61,31,3,3,1.0,4,1,2,1,0
412,4,12,4,6,701,1,3,4,3,1,2.0,3,32,99,3,2,2.0,3,1,1,1,1
413,2,9,4,3,1154,1,5,2,3,1,4.0,1,37,99,3,2,3.0,2,1,1,1,1
414,3,24,2,2,3243,1,5,3,1,1,4.0,4,51,49,3,3,1.0,3,1,1,1,0
415,3,6,4,0,1299,1,3,1,3,1,1.0,1,74,99,3,2,3.0,1,2,1,2,1
416,4,12,2,9,1076,1,3,2,4,1,2.0,1,26,91,3,2,1.0,3,1,2,1,1
417,2,22,1,0,1264,2,3,2,4,1,2.0,2,25,7,3,1,1.0,3,1,1,1,0
418,2,18,3,0,2899,5,5,4,3,1,4.0,3,43,99,3,2,1.0,3,2,1,1,1
419,4,24,2,3,5943,5,2,1,2,1,1.0,3,44,96,3,2,2.0,3,1,2,1,0
420,4,24,4,9,4139,2,3,3,3,1,3.0,2,27,99,3,2,2.0,2,1,2,1,1
421,4,15,3,3,1478,1,3,4,4,1,3.0,1,33,99,1,2,2.0,3,1,1,1,1
422,4,36,4,3,3342,5,5,4,3,1,2.0,3,51,99,3,2,1.0,3,1,2,1,1
423,2,48,2,3,3979,5,4,4,3,1,1.0,3,41,91,3,2,2.0,3,2,2,1,1
424,4,12,2,3,3059,4,4,2,1,1,4.0,1,61,77,3,2,1.0,2,1,1,1,1
425,2,24,2,2,4351,5,3,1,2,1,4.0,2,48,71,3,2,1.0,2,1,2,1,1
426,1,8,4,0,713,1,5,4,3,1,5.0,1,47,81,3,2,2.0,2,1,1,1,1
427,2,7,2,3,2415,1,3,3,3,3,2.0,1,34,63,3,2,1.0,3,1,1,1,1
428,4,24,4,2,5150,1,5,4,3,1,4.0,3,33,98,3,2,1.0,3,1,2,1,1
429,4,6,4,0,362,2,3,4,2,1,4.0,3,52,97,3,2,2.0,2,1,1,1,1
430,4,22,2,0,1283,5,4,4,2,1,4.0,2,25,98,3,1,1.0,3,1,1,1,1
431,2,12,2,0,685,1,4,2,4,1,3.0,3,25,98,1,2,1.0,2,1,1,1,0
432,1,24,2,3,1938,1,2,4,1,1,3.0,2,32,8,3,2,1.0,3,1,1,1,0
433,2,24,3,3,6403,1,2,1,3,1,2.0,3,33,93,3,2,1.0,3,1,1,1,1
434,2,9,2,2,959,1,3,1,2,1,2.0,3,29,2,1,2,1.0,3,1,1,1,0
435,4,48,4,3,3578,5,5,4,3,1,1.0,1,47,99,3,2,1.0,3,1,2,1,1
436,2,36,2,3,2671,2,3,4,2,2,4.0,4,50,23,3,3,1.0,3,1,1,1,0
437,1,24,3,3,1024,1,2,4,4,1,4.0,1,48,24,2,2,1.0,3,1,1,1,0
438,1,27,0,9,5293,1,1,2,3,1,4.0,2,50,3,3,2,2.0,3,1,2,1,0
439,4,12,4,3,2331,5,5,1,3,2,4.0,1,49,97,3,2,1.0,3,1,2,1,1
440,4,33,3,9,2764,1,3,2,2,1,2.0,3,26,79,3,2,2.0,3,1,2,1,1
441,1,20,2,2,2212,5,4,4,3,1,4.0,3,39,99,3,2,1.0,3,1,2,1,1
442,2,12,2,2,951,2,2,4,2,1,4.0,3,27,11,1,1,4.0,3,1,1,1,0
443,4,27,3,1,8613,4,3,2,3,1,2.0,3,27,99,3,2,2.0,3,1,1,1,1
444,4,48,2,3,10222,5,4,4,3,1,3.0,3,37,96,2,2,1.0,3,1,2,1,1
445,2,60,1,10,14782,2,5,3,2,1,4.0,4,60,18,1,3,2.0,4,1,2,1,0
446,1,18,1,0,1442,1,4,4,3,1,4.0,4,32,3,1,3,2.0,2,2,1,1,0
447,4,9,4,6,936,3,5,4,3,1,2.0,3,52,99,3,2,2.0,3,2,2,1,1
448,1,48,2,1,10297,1,4,4,3,1,4.0,4,39,8,3,3,3.0,3,2,2,1,0
449,1,30,4,1,6187,2,4,1,4,1,4.0,3,24,99,3,1,2.0,3,1,1,1,1
450,4,23,4,0,2022,1,3,4,2,1,4.0,3,37,99,3,2,1.0,3,1,2,1,1
451,1,12,2,3,1498,1,3,4,2,1,1.0,3,23,97,1,2,1.0,3,1,1,1,1
452,2,20,2,1,6468,5,1,1,1,1,4.0,1,60,96,3,2,1.0,4,1,2,1,1
453,2,12,2,9,841,2,4,2,2,1,4.0,1,23,99,3,1,1.0,2,1,1,1,1
454,1,18,4,2,1049,1,2,4,2,1,4.0,2,21,99,3,1,1.0,3,1,1,1,1
455,1,24,1,1,3632,1,3,1,2,3,4.0,3,22,89,1,1,1.0,3,1,1,2,1
456,1,12,2,6,684,1,3,4,3,1,4.0,3,40,59,3,1,1.0,2,2,1,1,1
457,2,10,1,3,1048,1,3,4,3,1,4.0,1,23,29,2,2,1.0,2,1,1,1,1
458,2,18,2,3,1301,1,5,4,4,3,2.0,1,32,68,3,2,1.0,2,1,1,1,1
459,1,30,2,2,2406,1,4,4,2,1,4.0,1,23,1,3,1,1.0,3,1,1,1,0
460,1,12,4,1,3345,1,5,4,3,1,4.0,4,66,97,3,3,2.0,4,1,1,1,1
461,4,24,2,2,3062,3,5,4,3,1,3.0,4,32,99,3,1,1.0,3,1,2,1,1
462,2,12,2,0,7472,5,1,1,2,1,2.0,1,24,83,3,1,1.0,1,1,1,1,1
463,4,24,2,1,6313,5,5,3,3,1,4.0,3,41,98,3,2,1.0,4,2,2,1,1
464,4,4,4,3,1503,1,4,2,3,1,1.0,1,42,98,3,2,2.0,2,2,1,1,1
465,2,24,2,0,1355,1,2,3,2,1,4.0,3,25,6,3,2,1.0,2,1,2,1,0
466,4,9,4,3,3074,5,3,1,3,1,2.0,1,33,99,3,2,2.0,3,2,1,1,1
467,2,7,2,3,2576,1,3,2,3,3,2.0,1,35,66,3,2,1.0,3,1,1,2,1
468,4,4,4,0,3380,1,4,1,2,1,1.0,1,37,97,3,2,1.0,3,2,1,1,1
469,2,48,2,10,5381,5,1,3,3,1,4.0,4,40,85,1,3,,1,1,2,1,1
470,4,24,2,0,1469,2,5,4,4,1,4.0,1,41,99,3,1,1.0,2,1,1,1,1
471,1,12,2,2,2577,1,3,2,1,1,1.0,3,42,37,3,2,1.0,3,1,1,1,1
472,4,24,2,3,3181,1,2,4,2,1,4.0,2,26,95,3,2,1.0,3,1,2,1,0
473,2,15,4,9,2326,3,3,2,3,1,4.0,3,27,94,1,2,1.0,3,1,1,1,1
474,1,18,2,0,1216,1,2,4,2,1,3.0,3,23,98,3,1,1.0,3,1,2,1,0
475,3,9,2,3,1126,2,5,2,1,1,4.0,1,49,99,3,2,1.0,3,1,1,1,1
476,2,24,1,6,1837,1,4,4,2,1,4.0,4,34,5,1,3,1.0,2,1,1,1,0
477,2,10,2,0,7308,1,1,2,3,1,4.0,4,70,98,1,3,1.0,4,1,2,1,1
478,2,36,3,0,8086,2,5,2,3,1,4.0,3,42,24,2,2,4.0,4,1,2,1,0
479,2,12,2,3,766,3,3,4,3,1,3.0,1,66,96,3,2,1.0,2,1,1,1,0
480,1,48,0,2,7119,1,3,3,3,1,4.0,4,53,7,3,3,2.0,3,2,1,1,0
481,4,15,4,6,1532,2,3,4,2,1,3.0,3,31,99,3,2,1.0,3,1,1,1,1
482,4,21,2,3,3160,5,5,4,3,1,3.0,2,41,99,3,2,1.0,3,1,2,1,1
483,3,24,2,3,5152,1,4,4,3,1,2.0,3,25,96,1,2,1.0,3,1,1,1,1
484,4,18,2,5,1943,1,2,4,2,1,4.0,1,23,22,3,2,1.0,3,1,1,1,0
485,2,12,2,1,2028,5,3,4,3,1,2.0,3,30,97,3,2,1.0,3,1,1,1,1
486,2,30,4,2,8386,1,4,2,3,1,2.0,2,49,46,3,2,1.0,3,1,1,1,0
487,1,18,3,6,8471,5,3,1,2,1,2.0,3,23,49,3,1,2.0,3,1,2,1,1
488,1,12,1,3,2149,1,3,4,1,1,1.0,4,29,6,3,3,1.0,3,1,1,1,0
489,1,6,2,3,2647,3,3,2,3,1,3.0,1,44,99,3,1,1.0,3,2,1,1,0
490,4,15,4,3,1471,1,3,4,3,1,4.0,4,35,99,3,3,2.0,3,1,2,1,1
491,4,6,4,3,1898,5,3,1,3,1,2.0,1,34,99,3,2,2.0,2,2,1,1,1
492,2,6,1,6,433,4,2,4,2,1,,2,24,13,1,1,1.0,3,2,1,1,0
493,1,18,4,2,2124,1,3,4,2,1,4.0,1,24,7,3,1,2.0,3,1,1,1,0
494,4,27,2,0,2570,1,3,3,2,1,3.0,1,21,7,3,1,1.0,3,1,1,1,0
495,4,36,4,0,7855,1,3,4,2,1,,1,25,20,2,2,2.0,3,1,2,1,0
496,1,12,2,2,2578,1,1,3,2,1,4.0,4,55,61,3,3,1.0,4,1,1,1,1
497,4,12,2,6,3321,1,5,4,3,1,5.0,2,47,98,1,2,3.0,3,2,2,1,1
498,2,11,3,3,4771,1,4,2,3,1,4.0,2,51,99,3,2,1.0,3,1,1,1,1
499,4,48,4,0,10127,3,3,2,3,1,2.0,4,44,29,3,3,1.0,3,1,1,1,0
500,4,12,2,3,2073,2,3,4,2,2,2.0,1,28,99,3,2,1.0,3,1,1,1,1
501,2,72,2,3,5595,2,3,2,4,1,2.0,3,24,18,3,2,,3,1,1,1,0
502,2,12,4,2,3617,1,5,1,3,1,4.0,3,28,99,3,1,3.0,3,1,2,1,1
503,4,24,2,3,3105,5,2,4,3,1,2.0,3,25,95,3,2,2.0,3,1,1,1,1
504,2,24,3,9,4712,5,3,4,3,1,2.0,2,34,99,1,2,2.0,4,1,2,1,1
505,2,13,2,3,2101,1,2,2,2,3,4.0,2,23,37,3,2,1.0,2,1,1,1,1
506,1,60,2,9,7297,1,5,4,3,2,4.0,4,36,15,3,1,1.0,3,1,1,1,0
507,1,24,2,3,2384,1,5,4,3,1,4.0,1,64,99,1,1,1.0,2,1,1,1,0
508,4,15,4,3,1459,1,3,4,2,1,2.0,3,43,99,3,2,1.0,2,1,1,1,1
509,4,60,4,0,13756,5,5,2,3,1,4.0,4,63,98,1,3,1.0,4,1,2,1,1
510,1,12,2,3,1680,3,5,3,4,1,1.0,1,35,91,3,2,1.0,3,1,1,1,1
511,1,24,2,3,3660,1,3,2,2,1,4.0,3,28,97,3,2,1.0,3,1,1,1,0
512,1,24,2,2,3234,1,2,4,2,1,4.0,1,23,5,3,1,1.0,2,1,2,1,0
513,1,18,2,0,4380,2,3,3,3,1,4.0,3,35,99,3,2,1.0,2,2,2,1,1
514,4,24,2,0,2255,5,2,4,3,1,1.0,2,54,99,3,2,1.0,3,1,1,1,1
515,4,24,4,3,2223,2,5,4,3,1,4.0,2,52,92,1,2,2.0,3,1,1,1,1
516,2,30,2,2,3832,1,2,2,4,1,1.0,2,22,73,3,2,1.0,3,1,1,1,1
517,1,15,2,4,1275,5,3,4,2,1,2.0,3,24,20,3,1,1.0,3,1,1,1,0
518,3,6,2,2,2116,1,3,2,3,1,2.0,1,41,99,3,2,1.0,3,1,2,1,1
519,4,18,2,3,4594,1,2,3,3,1,2.0,3,32,98,3,2,1.0,3,1,2,1,1
520,2,30,2,0,2150,1,3,4,2,3,2.0,4,24,13,1,2,1.0,3,1,1,1,0
521,1,36,4,2,5371,1,3,3,3,3,2.0,2,28,71,3,2,,3,1,1,1,1
522,1,35,2,0,1842,1,2,4,2,1,4.0,3,34,14,3,2,1.0,3,1,2,1,0
523,3,10,2,0,3949,1,2,1,3,3,1.0,2,37,99,3,2,1.0,2,2,1,1,1
524,2,36,4,0,2820,1,2,4,1,1,4.0,3,27,22,3,2,2.0,3,1,1,1,0
525,2,6,2,3,484,1,4,3,4,3,3.0,1,28,51,1,2,1.0,2,1,1,1,1
526,2,8,2,3,1414,1,3,4,3,3,2.0,1,33,67,3,2,1.0,3,1,1,2,1
527,1,12,2,3,1107,1,3,2,3,1,2.0,1,20,99,3,1,1.0,4,2,2,1,1
528,4,20,3,3,7238,5,5,3,3,1,3.0,3,32,92,1,2,2.0,3,2,1,1,1
529,2,15,4,3,1537,5,5,4,3,3,4.0,1,50,98,3,2,2.0,3,1,2,1,1
530,1,15,2,9,806,1,3,4,2,1,4.0,2,22,99,3,2,1.0,2,1,1,1,1
531,3,36,2,3,5848,1,3,4,3,1,1.0,3,24,99,3,2,,3,1,1,1,1
532,4,36,3,3,4454,1,3,4,2,1,4.0,1,34,99,3,2,2.0,3,1,1,1,1
533,2,30,0,9,4221,1,3,2,2,1,1.0,3,28,97,3,2,2.0,3,1,1,1,1
534,4,48,4,1,8858,5,4,2,3,1,1.0,4,35,99,3,3,2.0,3,1,2,1,1
535,1,23,3,3,1659,1,2,4,2,1,2.0,3,29,6,3,1,1.0,2,1,2,1,0
536,1,11,4,0,3939,1,3,1,3,1,2.0,1,40,99,3,2,2.0,2,2,1,1,1
537,4,24,4,0,2463,2,4,4,4,1,3.0,2,27,99,3,2,2.0,3,1,2,1,1
538,2,24,0,9,4241,1,3,1,3,1,4.0,1,36,13,3,2,3.0,2,1,2,1,0
539,2,24,4,9,1935,1,5,4,1,1,4.0,1,31,19,3,2,2.0,3,1,2,1,0
540,4,15,2,3,1386,5,3,4,4,1,2.0,1,40,99,3,1,1.0,3,1,2,1,1
541,4,24,1,9,1559,1,4,4,3,1,4.0,3,40,97,1,2,1.0,3,1,2,1,1
542,1,15,2,0,1403,1,3,2,2,1,4.0,3,28,91,3,1,1.0,3,1,1,1,1
543,1,18,2,2,2462,1,3,2,3,1,2.0,3,22,1,3,2,1.0,3,1,1,1,0
544,1,36,2,2,3446,1,5,4,3,1,2.0,3,42,67,3,2,1.0,3,2,1,1,0
545,4,6,2,5,660,3,4,2,4,1,4.0,1,23,98,3,1,1.0,2,1,1,1,1
546,1,24,2,2,7721,5,2,1,2,1,2.0,2,30,98,3,2,1.0,3,1,2,2,1
547,2,12,2,2,983,4,2,1,2,1,4.0,1,19,97,3,1,1.0,2,1,1,1,1
548,4,24,2,1,2679,1,2,4,2,1,1.0,4,29,99,3,2,,4,1,2,1,1
549,4,33,4,1,7253,1,4,3,3,1,2.0,3,35,99,3,2,2.0,4,1,2,1,1
550,2,15,2,3,802,1,5,4,3,1,3.0,3,37,11,3,2,1.0,3,2,1,1,0
551,4,6,3,3,935,1,3,3,2,1,,1,24,99,3,2,1.0,3,1,1,1,1
552,4,21,2,1,5248,5,3,1,3,1,3.0,3,26,99,3,2,1.0,3,1,1,1,1
553,4,12,2,3,707,1,3,4,3,1,2.0,1,30,97,1,2,2.0,3,1,1,1,1
554,2,9,2,9,1391,1,3,2,4,1,1.0,1,27,88,1,2,1.0,3,1,2,1,1
555,4,36,4,1,11054,5,3,4,3,1,2.0,3,30,89,3,2,1.0,4,1,2,1,1
556,1,12,2,0,1893,1,3,4,2,3,,2,29,64,3,2,1.0,3,1,2,1,1
557,2,6,2,3,368,5,5,4,3,1,4.0,2,38,88,3,2,1.0,3,1,1,1,1
558,4,10,2,0,1418,2,3,3,3,1,2.0,1,35,96,3,1,1.0,2,1,1,2,1
559,2,24,2,2,3069,2,5,4,3,1,4.0,4,30,82,3,3,1.0,3,1,1,1,1
560,4,24,4,2,3777,4,3,4,3,1,4.0,1,40,99,3,2,1.0,3,1,2,1,1
561,4,12,2,2,1768,1,3,3,3,1,2.0,1,24,49,3,1,1.0,2,1,1,1,1
562,1,21,2,6,7476,1,4,4,3,1,1.0,4,50,46,3,3,1.0,4,1,2,1,1
563,1,9,2,0,3211,1,3,4,3,1,3.0,3,28,20,3,2,1.0,2,1,1,1,0
564,1,6,2,6,448,1,2,4,2,1,4.0,2,23,2,3,2,1.0,3,1,1,1,0
565,4,12,2,2,1736,1,4,3,2,1,4.0,1,31,48,3,2,1.0,2,1,1,1,1
566,1,14,2,0,3973,1,1,1,3,1,4.0,4,22,82,3,3,1.0,3,1,1,1,1
567,1,39,4,2,14179,5,4,4,3,1,4.0,2,30,99,3,2,,4,1,2,1,1
568,2,48,1,0,12169,5,1,4,3,2,4.0,4,36,99,3,3,1.0,4,1,2,1,1
569,2,18,2,6,1239,5,3,4,3,1,4.0,4,61,99,3,3,,3,1,1,1,1
570,4,18,4,0,2775,1,4,2,3,1,2.0,2,31,31,1,2,2.0,3,1,1,1,0
571,1,12,2,2,1262,5,5,2,1,1,4.0,2,49,99,3,2,1.0,2,1,2,1,1
572,4,15,2,4,1262,3,4,4,3,1,3.0,2,36,82,3,2,2.0,3,1,2,1,1
573,1,18,2,2,2473,1,1,4,3,1,1.0,3,25,0,3,2,1.0,1,1,1,1,0
574,3,4,2,0,1494,5,2,1,3,1,2.0,1,29,98,3,2,1.0,2,2,1,2,1
575,4,12,4,2,5801,5,5,2,3,1,4.0,2,49,99,3,1,1.0,3,1,2,2,0
576,2,18,2,9,4439,1,5,1,3,2,1.0,1,33,99,1,2,1.0,4,1,2,1,1
577,1,18,1,3,1940,1,2,3,3,2,4.0,4,36,99,1,3,1.0,4,1,2,1,1
578,4,30,2,3,3275,5,5,4,3,1,4.0,3,58,97,3,2,1.0,3,1,2,1,1
579,2,9,2,3,1082,1,5,4,3,1,,3,37,58,3,2,2.0,2,1,1,1,0
580,2,24,2,1,11560,1,3,1,2,1,4.0,3,23,20,3,1,2.0,4,1,1,1,0
581,2,21,4,2,2745,4,4,3,3,1,2.0,3,32,99,3,2,2.0,3,1,2,1,1
582,2,6,1,0,931,2,2,1,2,1,1.0,2,32,11,2,2,1.0,2,1,1,1,0
583,1,9,2,3,1364,1,4,3,3,1,4.0,1,59,99,3,2,1.0,3,1,1,1,1
584,4,6,0,0,1204,2,3,4,3,1,1.0,4,35,97,1,1,1.0,3,1,1,2,1
585,1,10,4,2,2132,5,2,2,2,2,3.0,1,27,99,3,1,2.0,3,1,1,2,1
586,4,18,2,9,1568,2,3,3,2,1,4.0,2,24,97,3,1,1.0,2,1,1,1,1
587,1,24,2,2,3021,1,3,2,1,1,,1,24,79,3,1,1.0,2,1,1,1,1
588,2,9,1,0,1437,2,4,2,3,1,3.0,4,29,33,3,2,1.0,3,1,1,1,0
589,2,21,2,9,1188,1,5,2,2,1,4.0,2,39,9,3,2,1.0,3,2,1,1,0
590,2,12,2,0,888,1,5,4,3,1,4.0,3,41,11,1,2,1.0,2,2,1,1,1
591,2,45,2,3,3031,2,3,4,3,3,4.0,2,21,12,3,1,1.0,3,1,1,1,0
592,4,12,3,5,1555,4,5,4,3,1,4.0,4,55,99,3,3,2.0,3,2,1,1,0
593,2,48,2,3,5951,1,3,2,2,1,2.0,1,22,7,3,2,1.0,3,1,1,1,1
594,2,21,4,9,3652,1,4,2,3,1,3.0,2,27,99,3,2,2.0,3,1,1,1,0
595,2,21,3,0,2353,1,3,1,1,1,4.0,2,47,99,3,2,2.0,3,1,1,1,1
596,4,24,4,1,4042,5,4,3,3,1,4.0,2,43,99,3,2,2.0,3,1,2,1,1
597,3,36,2,3,4473,1,5,4,3,1,2.0,3,31,95,3,2,1.0,3,1,1,1,1
598,2,48,2,3,3060,1,4,4,3,1,4.0,1,28,22,3,2,2.0,3,1,1,1,0
599,1,33,4,2,4281,3,3,1,2,1,4.0,3,23,71,3,2,2.0,3,1,1,1,0
600,1,36,2,6,1977,5,5,4,3,1,4.0,4,40,37,3,2,1.0,4,1,2,1,0
601,2,48,3,6,6224,1,5,4,3,1,4.0,4,50,56,3,3,1.0,3,1,1,1,1
602,4,27,4,2,4526,4,2,4,3,1,2.0,1,32,99,2,2,2.0,2,2,2,1,1
603,4,18,2,9,1950,1,4,4,3,1,1.0,3,34,99,2,2,2.0,3,1,2,1,1
604,3,6,3,3,683,1,2,2,2,1,1.0,2,29,97,1,2,1.0,3,1,1,1,1
605,4,15,4,0,5045,5,5,1,2,1,4.0,3,59,99,3,2,1.0,3,1,2,1,1
606,2,6,3,0,1209,1,1,4,3,1,4.0,2,47,31,3,2,1.0,4,1,2,1,0
607,1,24,2,1,2964,5,5,4,3,1,4.0,4,49,99,1,3,1.0,3,2,2,1,1
608,3,10,4,0,781,1,5,4,3,1,4.0,4,63,99,3,3,2.0,3,1,2,1,1
609,4,24,4,5,5507,1,5,3,3,1,4.0,4,44,81,3,3,2.0,3,1,1,1,1
610,2,12,2,3,2930,1,4,2,2,1,1.0,1,27,78,3,2,,3,1,1,1,1
611,4,12,2,3,3077,1,3,2,3,1,4.0,3,52,99,3,2,1.0,3,1,2,1,1
612,1,18,2,2,3650,1,2,1,2,1,4.0,3,22,85,3,1,1.0,3,1,1,1,1
613,4,18,2,1,3378,5,3,2,3,1,1.0,2,31,99,3,2,1.0,3,1,2,1,1
614,2,6,2,3,2063,1,2,4,4,1,3.0,3,30,99,3,1,1.0,4,1,2,1,1
615,4,15,1,3,1569,2,5,4,3,1,4.0,3,34,99,1,2,1.0,2,2,1,1,1
616,4,24,2,3,3621,2,5,2,3,1,4.0,3,31,92,3,2,2.0,3,1,1,1,0
617,1,24,1,0,2325,2,4,2,3,1,3.0,3,32,97,1,2,1.0,3,1,1,1,1
618,2,6,2,5,454,1,2,3,4,1,1.0,2,22,33,3,2,1.0,2,1,1,1,1
619,3,16,4,3,3148,5,3,3,3,1,2.0,3,31,98,3,2,2.0,3,1,2,1,1
620,4,12,2,0,1101,1,3,3,4,1,2.0,1,27,96,3,2,2.0,3,1,2,1,1
621,2,15,2,5,2631,2,3,3,2,1,2.0,1,25,96,3,2,1.0,2,1,1,1,1
622,4,18,1,0,6458,1,5,2,3,1,4.0,4,39,45,1,2,2.0,4,2,2,1,0
623,4,30,4,3,4530,1,4,4,2,1,4.0,3,26,99,3,1,1.0,4,1,2,1,1
624,2,12,0,2,2969,1,2,4,2,1,3.0,2,25,2,3,1,2.0,3,1,1,1,0
625,2,24,2,2,4057,1,4,3,1,1,3.0,3,43,15,3,2,1.0,3,1,2,1,0
626,4,60,2,0,10366,1,5,2,3,1,4.0,2,42,97,3,2,1.0,4,1,2,1,1
627,2,9,2,3,1670,1,2,4,2,1,2.0,3,22,65,3,2,1.0,3,1,2,1,0
628,1,6,1,6,1198,1,5,4,2,1,4.0,4,35,20,3,3,1.0,3,1,1,1,0
629,4,24,4,3,1829,1,5,4,3,1,4.0,3,46,99,3,2,2.0,3,1,2,1,1
630,4,6,4,0,6761,1,4,1,3,1,3.0,4,45,99,3,2,2.0,4,2,2,1,1
631,4,6,2,0,3518,1,3,2,3,3,3.0,2,26,69,3,1,1.0,3,1,1,1,1
632,4,12,2,0,2859,5,1,4,3,1,4.0,4,38,96,3,2,1.0,4,1,2,1,1
633,4,18,4,0,1055,1,2,4,2,1,1.0,2,30,98,3,2,2.0,3,1,1,1,1
634,4,24,4,6,1597,1,5,4,3,1,4.0,4,54,94,3,3,2.0,3,2,1,1,1
635,2,24,2,3,3092,2,2,3,4,1,2.0,3,22,7,3,1,,3,1,2,1,0
636,4,10,2,0,1309,5,3,4,3,3,4.0,2,27,51,3,2,1.0,2,1,1,1,0
637,4,24,2,3,1901,2,3,4,3,1,4.0,3,29,99,3,1,1.0,4,1,2,1,1
638,4,36,4,0,6614,1,5,4,3,1,,3,34,99,3,2,2.0,4,1,2,1,0
639,1,28,2,0,4006,1,3,3,3,1,2.0,3,45,81,3,2,1.0,2,1,1,1,0
640,4,36,2,0,909,3,5,4,3,1,4.0,2,36,98,3,2,1.0,3,1,1,1,1
641,2,60,2,6,6288,1,3,4,3,1,4.0,4,42,21,3,3,1.0,3,1,1,1,0
642,2,18,4,9,3590,1,1,3,4,1,3.0,3,40,98,3,2,3.0,1,2,2,1,1
643,1,12,1,3,626,1,3,4,2,1,4.0,1,24,3,1,2,1.0,2,1,1,1,0
644,2,6,3,2,1050,1,1,4,3,1,1.0,2,35,71,2,2,2.0,4,1,2,2,1
645,2,24,4,3,1743,1,5,4,3,1,2.0,2,48,99,3,2,2.0,2,1,1,1,1
646,2,60,2,0,14027,1,4,4,3,1,2.0,4,27,10,3,2,1.0,4,1,2,1,0
647,2,48,3,10,7582,2,1,2,3,1,4.0,4,31,99,3,2,1.0,4,1,2,1,1
648,1,42,2,3,7174,5,4,4,2,1,3.0,3,30,81,3,2,1.0,4,1,2,1,1
649,1,12,2,0,1274,1,2,3,2,1,1.0,1,37,6,1,2,1.0,2,2,1,1,0
650,4,6,4,3,1382,1,3,1,2,1,1.0,3,28,99,3,2,2.0,3,1,2,1,1
651,2,18,2,9,1913,4,2,3,4,1,3.0,1,36,97,1,2,1.0,3,1,2,1,1
652,4,15,3,1,3594,1,2,1,2,1,2.0,2,46,55,3,2,2.0,2,1,1,1,1
653,2,12,2,0,2002,1,4,3,3,1,4.0,2,30,85,3,1,1.0,3,2,2,1,1
654,4,6,2,2,1766,1,3,1,4,1,2.0,2,21,49,3,1,1.0,3,1,1,1,1
655,3,24,4,9,1275,4,3,2,1,1,4.0,1,36,99,3,2,2.0,3,1,2,1,1
656,4,30,4,3,6742,5,4,2,3,1,3.0,2,36,99,3,2,2.0,3,1,1,1,0
657,2,12,2,3,1534,1,2,1,4,1,1.0,1,23,11,3,1,1.0,3,1,1,1,0
658,1,14,2,3,1936,5,4,2,4,1,4.0,3,23,98,3,1,2.0,2,1,1,1,1
659,1,15,3,2,3643,1,5,1,2,1,4.0,2,27,99,3,2,2.0,2,1,1,1,1
660,3,18,2,0,1961,1,5,3,2,1,2.0,3,23,98,3,2,1.0,4,1,1,1,1
661,4,12,4,2,1592,4,4,3,2,1,2.0,2,35,98,3,2,1.0,3,1,1,1,1
662,2,18,4,0,1056,1,5,3,3,3,3.0,1,30,24,3,2,2.0,3,1,1,1,0
663,2,21,2,9,2767,2,5,4,1,1,2.0,3,61,8,3,1,2.0,2,1,1,1,0
664,2,36,2,0,14318,1,5,4,3,1,2.0,4,57,62,3,3,1.0,4,1,2,1,0
665,4,24,2,3,1552,1,4,3,3,1,1.0,3,32,99,1,2,1.0,3,2,1,1,1
666,4,18,3,3,2320,1,1,2,4,1,3.0,1,34,99,3,2,2.0,3,1,1,1,1
667,2,15,4,3,2728,5,4,4,3,3,2.0,1,35,88,1,2,3.0,3,1,2,1,1
668,2,12,4,0,2366,3,4,3,1,1,3.0,3,36,99,3,2,1.0,4,1,2,1,1
669,1,36,2,3,2302,1,3,4,1,1,4.0,3,31,6,3,1,1.0,3,1,1,1,0
670,4,10,2,2,2210,1,3,2,3,1,2.0,1,25,10,3,1,1.0,2,1,1,1,0
671,2,18,4,2,7374,1,1,4,3,1,4.0,2,40,97,2,2,2.0,4,1,2,1,1
672,2,30,2,3,2991,5,5,2,2,1,4.0,3,25,99,3,2,1.0,3,1,1,1,1
673,4,5,2,9,3448,1,4,1,3,1,4.0,1,74,99,3,2,1.0,2,1,1,1,1
674,2,24,2,0,3512,2,4,2,3,1,3.0,3,38,99,1,2,2.0,3,1,2,1,1
675,2,9,2,0,3195,5,3,1,2,1,2.0,1,33,96,3,2,1.0,2,1,1,1,1
676,4,10,2,1,2848,2,3,1,3,2,2.0,1,32,98,3,2,1.0,3,2,1,1,1
677,2,36,2,2,9034,2,2,4,3,2,1.0,4,29,9,3,1,1.0,4,1,2,1,0
678,4,18,4,3,2238,1,3,2,2,1,1.0,3,25,88,3,2,2.0,3,1,1,1,1
679,3,30,4,3,3656,5,5,4,3,1,4.0,2,49,99,2,2,2.0,2,1,1,1,1
680,1,48,2,3,6999,1,4,1,4,3,,1,34,6,3,2,2.0,3,1,2,1,0
681,4,24,2,2,3972,1,4,2,2,1,4.0,2,25,99,3,1,1.0,3,1,2,1,1
682,1,12,2,2,3590,1,3,2,3,2,2.0,2,29,53,3,2,1.0,2,2,1,1,1
683,1,12,2,2,652,1,5,4,2,1,4.0,2,24,97,3,1,1.0,3,1,1,1,0
684,1,20,4,0,2235,1,3,4,4,3,2.0,2,33,7,1,1,2.0,3,1,1,2,0
685,1,24,4,0,1199,1,5,4,3,1,4.0,3,60,56,3,2,2.0,2,1,1,1,0
686,1,12,2,0,1168,1,3,4,4,1,3.0,1,27,35,3,2,1.0,2,1,1,1,1
687,1,24,4,3,1231,4,5,4,2,1,,2,57,87,3,1,2.0,4,1,2,1,0
688,1,36,2,2,3620,1,3,1,3,3,2.0,2,37,58,3,2,1.0,3,2,1,1,1
689,4,12,4,3,930,5,5,4,3,1,4.0,1,65,99,3,2,4.0,3,1,1,1,1
690,2,12,4,0,958,1,4,2,3,1,3.0,1,47,85,3,2,2.0,2,2,1,1,1
691,3,24,2,0,947,1,4,4,3,1,,4,38,23,1,3,1.0,3,2,1,1,0
692,2,30,4,0,2181,5,5,4,3,1,4.0,1,36,86,3,2,2.0,3,1,1,1,1
693,4,11,4,0,7228,1,3,1,3,1,4.0,2,39,99,3,2,,2,1,1,1,1
694,1,8,4,0,3398,1,4,1,3,1,4.0,1,39,99,3,2,2.0,2,1,1,2,1
695,2,12,2,3,1158,3,3,3,1,1,1.0,3,26,99,3,2,1.0,3,1,2,1,1
696,4,12,2,3,2141,2,4,3,3,1,1.0,4,35,99,3,2,1.0,3,1,1,1,1
697,2,6,2,0,14555,5,1,1,3,1,2.0,2,23,41,3,2,1.0,1,1,2,1,0
698,4,36,4,0,3535,1,4,4,3,1,4.0,3,37,99,3,2,2.0,3,1,2,1,1
699,1,15,4,2,1433,1,3,4,2,1,3.0,2,25,57,3,1,2.0,3,1,1,1,1
700,1,12,0,3,6199,1,3,4,3,1,2.0,2,28,3,3,1,2.0,3,1,2,1,0
701,4,4,4,3,1544,1,4,2,3,1,1.0,1,42,95,3,2,3.0,2,2,1,1,1
702,1,24,2,2,4020,1,3,2,3,1,2.0,3,27,14,2,2,1.0,3,1,1,1,1
703,4,24,3,9,2978,5,3,4,3,1,4.0,1,32,99,3,2,2.0,3,2,2,1,1
704,4,24,2,9,1258,1,4,4,3,1,1.0,1,25,99,3,2,1.0,3,1,2,1,1
705,1,15,2,2,1845,1,2,4,2,3,1.0,2,46,47,3,1,1.0,3,1,1,1,1
706,1,30,4,1,10623,1,5,3,3,1,4.0,4,38,94,3,3,3.0,4,2,2,1,1
707,1,10,2,3,2315,1,5,3,3,1,4.0,1,52,99,3,2,1.0,2,1,1,1,0
708,4,15,2,1,4657,1,3,3,3,1,2.0,3,30,99,3,2,1.0,3,1,2,1,1
709,4,24,2,2,929,5,4,4,3,1,2.0,3,31,99,2,2,1.0,3,1,2,1,1
710,4,6,2,3,1346,2,5,2,3,1,4.0,4,42,99,1,3,1.0,3,2,2,1,1
711,2,36,2,1,6948,1,3,2,3,1,2.0,3,35,73,3,1,1.0,4,1,2,1,1
712,2,48,0,0,8358,3,2,1,2,1,1.0,3,30,45,3,2,2.0,3,1,1,1,1
713,3,15,4,1,2360,3,3,2,3,1,2.0,3,36,99,3,2,1.0,3,1,2,1,1
714,4,18,2,0,6761,5,3,2,3,1,4.0,3,68,42,2,1,2.0,3,1,1,1,0
715,2,15,2,5,1514,2,3,4,3,3,2.0,1,22,95,3,2,1.0,3,1,1,1,1
716,4,9,2,0,2507,3,5,2,3,1,4.0,4,51,99,3,3,1.0,2,1,1,1,1
717,1,24,2,2,2359,2,1,1,1,1,1.0,2,33,27,3,2,1.0,3,1,1,1,0
718,1,24,1,2,3349,3,2,4,3,1,4.0,4,30,9,3,3,1.0,3,2,2,1,0
719,4,9,2,2,1388,1,3,4,2,1,2.0,1,26,98,3,1,1.0,3,1,1,1,1
720,2,15,2,0,2631,2,3,2,2,1,4.0,3,28,13,3,1,2.0,3,1,2,1,0
721,2,10,2,2,1521,1,3,4,1,1,2.0,3,31,27,3,2,1.0,2,1,1,1,1
722,2,15,3,5,1512,4,3,3,4,1,3.0,2,61,61,2,2,2.0,3,1,1,1,1
723,2,18,4,3,1245,1,3,4,4,1,2.0,3,33,39,3,2,1.0,3,1,1,1,0
724,4,12,4,6,3565,5,2,2,3,1,1.0,2,37,99,3,2,2.0,2,2,1,1,1
725,1,48,2,3,6758,1,3,3,2,1,2.0,3,31,2,3,2,1.0,3,1,2,1,0
726,3,12,2,2,1474,1,2,4,2,1,1.0,2,33,68,1,2,1.0,4,1,2,1,1
727,2,18,2,2,3001,1,4,2,2,1,4.0,1,40,88,3,1,1.0,3,1,1,1,1
728,3,6,2,0,709,4,2,2,4,1,2.0,1,27,99,3,2,1.0,1,1,1,2,1
729,4,15,2,0,3556,5,3,3,3,1,2.0,4,29,99,3,2,1.0,3,1,1,1,1
730,4,12,2,9,1542,1,4,2,3,1,4.0,3,36,99,3,2,1.0,3,1,2,1,1
731,4,24,4,3,5103,1,2,3,4,1,3.0,4,47,99,3,3,3.0,3,1,2,1,1
732,1,12,2,2,7865,1,5,4,3,1,4.0,4,53,95,3,3,1.0,4,1,2,1,0
733,3,10,2,0,1240,2,5,1,2,1,4.0,4,48,45,3,3,1.0,2,2,1,1,0
734,4,24,2,0,1249,1,2,4,4,1,2.0,1,28,94,3,2,1.0,3,1,1,1,1
735,2,8,2,2,1237,1,3,3,2,1,4.0,1,24,14,3,2,1.0,3,1,1,1,0
736,2,48,4,2,5096,1,3,2,2,1,3.0,3,30,6,3,2,1.0,4,1,2,1,0
737,1,15,2,0,2511,1,1,1,2,1,4.0,3,23,13,3,1,1.0,3,1,1,1,1
738,4,6,2,2,4611,1,2,1,2,1,4.0,2,32,28,3,2,1.0,3,1,1,1,0
739,1,12,2,8,902,1,4,4,4,1,4.0,2,21,10,3,1,1.0,3,1,1,1,0
740,1,18,2,3,2600,1,3,4,3,1,4.0,4,65,42,3,3,2.0,3,1,1,1,0
741,3,9,0,3,1337,1,2,4,3,1,2.0,3,34,13,3,2,2.0,4,1,2,1,0
742,2,14,2,9,1410,3,5,1,4,1,2.0,1,35,87,3,2,1.0,3,1,2,1,1
743,1,36,2,2,2712,1,5,2,3,1,2.0,2,41,43,1,2,1.0,3,2,1,1,0
744,4,9,4,0,1224,1,3,3,3,1,1.0,1,30,99,3,2,2.0,3,1,1,1,1
745,2,20,0,1,6148,2,5,3,4,1,4.0,3,31,41,1,2,2.0,3,1,2,1,1
746,3,12,4,0,1480,3,1,2,3,1,4.0,4,66,98,1,3,3.0,1,1,1,1,1
747,4,48,2,9,3914,5,3,4,1,1,2.0,1,38,11,1,2,1.0,3,1,1,1,0
748,1,24,1,2,2828,3,3,4,3,1,4.0,1,22,97,2,2,1.0,3,1,2,1,1
749,4,18,4,3,1800,1,3,4,3,1,2.0,3,24,99,3,2,,3,1,1,1,1
750,4,21,4,1,3275,1,5,1,3,1,4.0,3,36,99,3,2,1.0,4,1,2,1,1
751,1,12,2,3,727,2,2,4,4,1,3.0,4,33,11,3,2,1.0,2,1,2,1,0
752,2,48,2,0,6560,2,4,3,3,1,2.0,2,24,8,3,2,1.0,3,1,1,1,0
753,3,12,3,0,2247,1,3,2,2,1,2.0,3,36,53,2,2,2.0,3,1,2,1,1
754,4,4,4,0,1455,1,4,2,3,1,1.0,1,42,99,3,2,3.0,2,2,1,1,1
755,4,12,3,1,1503,1,3,4,4,1,4.0,1,41,98,3,1,1.0,3,1,1,1,1
756,4,21,2,1,2476,5,5,4,3,1,4.0,1,46,99,3,2,1.0,4,1,2,1,1
757,4,12,2,1,1413,4,4,3,3,1,2.0,2,55,99,3,2,1.0,3,1,1,2,1
758,3,15,2,6,392,1,2,4,2,1,4.0,2,23,99,3,1,,3,1,2,1,1
759,2,16,4,0,1175,1,1,2,3,1,3.0,3,68,99,3,3,3.0,1,1,2,1,1
760,2,24,2,0,2718,1,3,3,2,1,4.0,2,20,2,3,1,1.0,2,1,2,1,0
761,2,24,2,1,4113,3,2,3,2,1,5.0,3,28,25,3,1,1.0,3,1,1,1,0
762,3,6,4,0,1323,2,5,2,1,1,4.0,3,28,85,3,2,2.0,3,2,2,1,1
763,4,15,2,1,3029,1,4,2,3,1,2.0,3,33,98,3,2,1.0,3,1,1,1,1
764,2,27,3,1,5965,1,5,1,3,1,2.0,3,30,99,3,2,2.0,4,1,2,1,1
765,2,12,2,3,625,1,2,4,4,3,1.0,1,26,31,1,2,1.0,2,1,1,1,1
766,1,12,2,2,1657,1,3,2,3,1,2.0,1,27,57,3,2,1.0,3,1,1,1,1
767,4,36,2,3,3835,5,5,2,2,1,4.0,1,45,99,3,2,1.0,2,1,2,1,1
768,4,24,4,3,2684,1,3,4,3,1,2.0,1,35,99,3,2,2.0,2,1,1,1,1
769,4,24,2,0,1474,2,2,4,4,1,3.0,1,33,99,3,2,1.0,3,1,2,1,1
770,1,24,2,2,3149,1,2,4,3,1,1.0,4,22,21,1,3,,3,1,1,1,1
771,2,6,4,8,932,5,4,1,2,1,3.0,2,39,99,3,2,2.0,2,1,1,1,1
772,4,48,1,9,3609,1,3,1,2,1,1.0,1,27,98,2,2,1.0,3,1,1,1,1
773,2,49,1,9,6416,1,5,4,2,1,3.0,4,59,99,3,1,1.0,3,1,1,1,0
774,2,60,2,0,7408,2,2,4,2,1,2.0,2,24,55,3,2,1.0,4,1,1,1,0
775,2,49,0,10,18424,1,3,1,2,1,2.0,2,32,4,1,2,1.0,4,1,2,2,0
776,3,21,4,6,2319,1,2,2,1,1,1.0,3,33,13,3,1,1.0,3,1,1,1,0
777,1,8,4,10,1164,1,5,3,3,1,4.0,4,51,89,1,3,2.0,4,2,2,1,1
778,2,12,4,0,3124,1,2,1,3,1,3.0,1,49,99,1,2,2.0,2,2,1,1,1
779,4,24,4,3,2578,4,5,2,3,1,2.0,3,34,97,3,2,1.0,3,1,1,1,1
780,1,12,2,6,1200,5,3,4,2,1,,2,23,91,1,1,1.0,3,1,2,1,1
781,1,12,4,3,385,1,4,4,2,1,3.0,1,58,99,3,2,4.0,2,1,2,1,1
782,1,24,2,1,2910,1,4,2,3,1,1.0,4,34,70,3,3,1.0,4,1,2,1,1
783,4,12,2,0,1884,1,5,4,3,1,4.0,3,39,84,3,2,1.0,4,1,2,1,1
784,1,12,2,0,1228,1,3,4,2,1,2.0,1,24,99,3,2,1.0,2,1,1,1,0
785,4,18,2,2,2515,1,3,3,3,1,,1,43,99,3,2,1.0,3,1,2,1,1
786,4,15,2,1,3812,2,2,1,2,1,4.0,3,23,93,3,2,1.0,3,1,2,1,1
787,4,18,2,0,1820,1,3,2,4,1,,2,30,99,3,2,1.0,4,1,2,1,1
788,1,18,2,0,2249,2,4,4,3,1,3.0,3,30,75,3,2,1.0,4,2,2,1,1
789,4,15,2,2,2186,5,4,1,2,1,4.0,1,33,96,1,1,1.0,2,1,1,1,1
790,4,6,1,3,1750,3,5,2,3,1,4.0,2,45,97,1,2,1.0,2,2,1,1,1
791,3,30,4,3,3017,1,5,4,3,1,4.0,2,47,99,3,2,1.0,3,1,1,1,1
792,1,6,4,3,1957,1,4,1,2,1,4.0,3,31,99,3,2,1.0,3,1,1,1,1
793,1,24,4,9,1382,2,4,4,3,1,1.0,1,26,99,3,2,,3,1,2,1,1
794,2,48,1,9,3566,2,4,4,3,1,2.0,3,30,99,3,2,1.0,3,1,1,1,1
795,1,12,4,1,1409,1,5,4,3,1,3.0,1,54,96,3,2,1.0,3,1,1,1,1
796,2,44,1,1,9283,1,1,1,3,1,2.0,4,55,19,1,3,1.0,4,1,2,1,1
797,1,9,2,2,2136,1,3,3,3,1,2.0,1,25,99,3,2,1.0,3,1,1,1,1
798,2,11,2,2,1577,4,2,4,2,1,1.0,1,20,73,3,2,1.0,3,1,1,1,1
799,4,12,2,3,804,1,5,4,3,1,4.0,3,38,99,3,2,1.0,3,1,1,1,1
800,1,18,2,3,2389,1,2,4,2,1,1.0,3,27,43,2,2,1.0,3,1,1,1,1
801,4,36,2,1,4686,1,3,2,3,1,2.0,4,32,95,3,3,1.0,4,1,2,1,1
802,1,45,0,9,11816,1,5,2,3,1,4.0,3,29,3,3,1,2.0,3,1,1,1,0
803,4,36,3,0,10875,1,5,2,3,1,2.0,3,45,99,3,2,2.0,3,2,2,1,1
804,2,12,2,5,639,1,3,4,3,1,2.0,3,30,16,3,2,1.0,3,1,1,1,0
805,1,6,2,1,1352,3,1,1,2,1,2.0,2,23,80,3,1,1.0,1,1,2,1,1
806,4,21,2,0,2782,3,4,1,2,1,2.0,3,31,52,1,2,1.0,4,1,1,1,1
807,2,24,2,3,2039,1,2,1,4,1,1.0,2,22,1,3,2,1.0,3,1,2,1,0
808,2,48,0,9,12204,5,3,2,3,1,2.0,3,48,70,1,2,1.0,4,1,2,1,1
809,2,12,2,0,1295,1,2,3,2,1,1.0,3,25,2,3,1,1.0,3,1,1,1,0
810,4,30,4,3,5771,1,4,4,2,1,2.0,3,25,99,3,2,2.0,3,1,1,1,1
811,2,9,2,3,790,3,3,4,2,1,3.0,1,66,94,3,2,1.0,2,1,1,1,1
812,4,36,4,1,10477,5,5,2,3,1,4.0,4,42,98,3,3,2.0,3,1,1,1,1
813,2,36,0,3,3804,1,3,4,2,1,1.0,3,42,9,3,2,1.0,3,1,2,1,0
814,1,24,2,1,6579,1,1,4,3,1,2.0,4,29,49,3,3,1.0,4,1,2,1,1
815,2,20,3,1,7057,5,4,3,3,1,4.0,2,36,81,1,1,2.0,4,2,2,1,1
816,4,18,2,2,1533,1,2,4,4,2,1.0,2,43,23,3,2,1.0,2,2,1,1,0
817,1,12,2,2,1858,1,2,4,2,1,1.0,3,22,84,3,1,1.0,3,1,1,1,1
818,2,18,2,9,2622,2,3,4,3,1,4.0,3,34,63,3,2,1.0,3,1,1,1,1
819,4,12,4,9,1412,1,3,4,2,3,2.0,1,29,98,3,2,2.0,4,1,2,1,1
820,4,24,2,9,4591,4,3,2,3,1,3.0,2,54,84,3,2,3.0,4,1,2,1,0
821,2,12,2,2,1922,1,3,4,3,1,2.0,2,37,77,3,2,1.0,2,1,1,1,0
822,4,21,3,1,2993,1,3,3,3,1,2.0,1,28,47,2,2,2.0,2,1,1,1,1
823,4,18,4,2,1817,1,3,4,2,1,2.0,4,28,99,3,2,2.0,3,1,1,1,1
824,1,15,4,2,975,1,3,2,1,1,3.0,2,25,51,3,2,2.0,3,1,1,1,1
825,1,24,2,3,1987,1,3,2,3,1,4.0,1,21,1,3,1,1.0,2,2,1,1,0
826,2,18,2,2,1924,5,2,4,2,1,3.0,1,27,47,3,1,1.0,3,1,1,1,0
827,4,18,4,0,1530,1,3,3,3,1,2.0,2,32,45,1,2,2.0,3,1,1,1,0
828,1,11,1,8,339,1,5,4,4,1,1.0,3,45,99,1,2,1.0,2,1,1,1,1
829,1,12,2,2,1620,1,3,2,2,2,3.0,2,30,48,3,2,1.0,3,1,1,1,0
830,2,13,4,3,882,1,2,4,3,3,4.0,1,23,74,3,2,2.0,3,1,1,1,0
831,1,30,2,5,11998,1,2,1,1,1,1.0,4,34,4,1,2,1.0,2,1,2,1,0
832,4,18,4,6,1864,2,3,4,2,1,2.0,1,30,99,3,2,2.0,3,1,1,1,0
833,4,9,4,6,1244,5,5,4,2,1,4.0,2,41,94,3,1,2.0,2,1,1,1,1
834,2,15,1,0,6850,2,1,1,3,1,2.0,2,34,6,2,2,1.0,4,2,2,1,0
835,1,18,1,2,1553,1,3,4,3,1,3.0,3,44,2,1,2,1.0,3,1,1,1,0
836,3,23,2,3,1258,3,3,3,2,1,3.0,3,57,96,3,2,1.0,2,1,1,1,1
837,4,6,2,3,1595,1,4,3,3,1,5.0,2,51,99,3,2,1.0,3,2,1,1,1
838,1,6,2,2,1374,1,3,1,3,1,2.0,1,36,97,1,2,1.0,2,1,2,1,1
839,4,24,3,0,717,5,5,4,4,1,4.0,3,54,99,3,2,2.0,3,1,2,1,1
840,2,36,2,5,2384,1,2,4,3,1,1.0,4,33,99,3,1,1.0,2,1,1,1,0
841,4,20,4,0,3485,5,2,2,1,1,4.0,1,44,95,3,2,2.0,3,1,2,1,1
842,2,30,4,0,4249,1,1,4,4,1,2.0,3,28,17,3,2,2.0,4,1,1,1,0
843,4,27,3,9,5117,1,4,3,3,1,4.0,3,26,96,3,2,2.0,3,1,1,1,1
844,4,12,2,2,1574,1,3,4,3,1,2.0,1,50,95,3,2,1.0,3,1,1,1,1
845,4,22,2,1,1300,5,5,4,3,1,4.0,4,45,98,1,3,1.0,3,2,1,1,1
846,2,9,1,1,5129,1,5,2,2,1,4.0,4,74,42,1,3,1.0,4,2,2,1,0
847,3,36,2,3,4210,1,3,4,3,1,2.0,3,26,13,3,2,1.0,3,1,1,1,0
848,1,48,4,1,6143,1,5,4,2,1,4.0,4,58,65,2,3,2.0,2,1,1,1,0
849,2,12,2,2,2762,5,5,1,2,1,2.0,2,25,10,3,2,1.0,3,1,2,1,0
850,4,24,2,1,5433,5,1,2,2,1,4.0,2,26,92,3,1,1.0,4,1,2,1,1
851,3,12,2,3,3399,5,5,2,3,1,3.0,3,37,99,3,2,1.0,4,1,1,1,1
852,4,13,2,3,1409,2,1,2,2,1,4.0,1,64,99,3,2,1.0,3,1,1,1,1
853,4,24,3,0,2032,1,5,4,3,1,4.0,4,60,99,3,3,2.0,3,1,2,1,1
854,4,24,3,9,3863,1,3,1,3,1,2.0,4,32,93,3,3,1.0,3,1,1,1,1
855,4,10,2,3,1924,1,3,1,3,1,4.0,2,38,99,3,2,1.0,3,1,2,2,1
856,4,28,1,1,7824,5,2,3,3,3,4.0,1,40,99,1,1,2.0,3,2,2,1,1
857,2,27,2,9,2528,1,2,4,2,1,1.0,2,32,83,3,2,1.0,3,2,2,1,1
858,1,18,4,3,1880,1,4,4,4,1,1.0,2,32,91,3,2,2.0,4,1,2,1,1
859,2,60,3,3,7418,5,3,1,3,1,1.0,1,27,87,3,2,1.0,2,1,1,1,1
860,3,6,4,0,1343,1,5,1,3,1,4.0,1,46,99,3,2,2.0,3,2,1,2,1
861,3,24,4,2,3617,5,5,4,3,2,4.0,4,20,90,3,1,2.0,3,1,1,1,1
862,4,18,2,3,1453,1,2,3,2,1,1.0,1,26,99,3,2,1.0,3,1,1,1,1
863,4,18,4,3,1098,1,1,4,2,1,4.0,3,65,99,3,2,2.0,1,1,1,1,1
864,4,22,2,3,2675,3,5,3,3,1,4.0,3,40,99,3,2,1.0,3,1,1,1,1
865,4,24,4,0,1287,4,5,4,2,1,4.0,1,37,99,3,2,2.0,3,1,2,1,1
866,1,9,2,3,1366,1,2,3,2,1,4.0,2,22,3,3,1,1.0,3,1,1,1,0
867,2,36,2,6,12612,2,3,1,3,1,4.0,4,47,25,3,3,1.0,3,2,2,1,0
868,4,6,2,2,1543,4,3,4,1,1,2.0,1,33,99,3,2,1.0,3,1,1,1,1
869,1,36,2,1,8229,1,3,2,3,1,2.0,2,26,48,3,2,1.0,3,2,1,1,0
870,1,12,4,0,3499,1,3,3,2,2,2.0,1,29,97,3,2,2.0,3,1,1,1,0
871,1,48,1,9,7685,1,4,2,2,3,4.0,3,37,22,3,1,1.0,3,1,1,1,0
872,4,24,2,3,1278,1,5,4,3,1,1.0,1,36,99,3,2,1.0,4,1,2,1,1
873,4,12,2,2,1123,3,3,4,2,1,4.0,3,29,29,3,1,1.0,2,1,1,1,0
874,4,6,3,9,1743,2,3,1,3,1,,1,34,99,3,2,2.0,2,1,1,1,1
875,2,18,2,9,1941,4,3,4,3,1,2.0,2,35,93,3,2,1.0,2,1,2,1,1
876,1,36,2,2,5179,1,4,4,3,1,2.0,2,29,53,3,2,1.0,3,1,1,1,0
877,4,12,4,0,1163,3,3,4,3,1,4.0,1,44,99,3,2,1.0,3,1,2,1,1
878,1,47,2,0,10722,1,2,1,2,1,1.0,1,35,96,3,2,1.0,2,1,2,1,1
879,1,24,2,3,1823,1,1,4,3,1,2.0,3,30,7,2,2,1.0,4,2,1,1,0
880,4,24,2,8,937,1,2,4,4,1,3.0,3,27,92,3,2,2.0,2,1,1,1,1
881,2,24,3,0,1965,5,3,4,2,1,4.0,3,42,99,3,1,2.0,3,1,2,1,1
882,4,18,2,3,433,1,1,3,2,2,4.0,1,22,9,3,1,1.0,3,1,1,1,0
883,2,18,4,2,1295,1,2,4,2,1,1.0,2,27,76,3,2,2.0,3,1,1,1,1
884,3,12,2,2,1424,5,5,3,2,1,4.0,1,55,99,3,2,1.0,4,1,2,1,1
885,3,24,2,2,1925,1,3,2,3,1,2.0,1,26,99,3,2,1.0,3,1,1,1,1
886,2,27,4,3,2520,3,3,4,3,1,2.0,2,23,21,3,2,2.0,2,1,1,1,0
887,1,9,4,3,1138,1,3,4,3,1,4.0,1,25,49,3,2,2.0,2,1,1,1,1
888,1,24,2,3,1282,2,3,4,2,1,2.0,3,32,25,3,2,1.0,2,1,1,1,0
889,4,24,2,3,2284,1,4,4,3,1,2.0,3,28,99,3,2,1.0,3,1,2,1,1
890,4,39,2,1,2569,3,3,4,3,1,4.0,3,24,98,3,2,1.0,3,1,1,1,1
891,1,48,4,1,6331,1,5,4,3,1,4.0,4,46,14,3,3,2.0,3,1,2,1,0
892,2,18,2,3,1113,1,3,4,2,3,4.0,1,26,45,3,2,1.0,2,2,1,1,1
893,4,24,3,9,8648,1,2,2,3,1,2.0,3,27,8,1,2,2.0,3,1,2,1,0
894,4,24,3,9,2375,3,3,4,3,1,2.0,3,44,96,3,2,2.0,3,2,2,1,0
895,2,12,2,9,1037,2,4,3,3,1,4.0,1,39,97,3,2,1.0,2,1,1,1,1
896,4,36,2,3,2394,5,3,4,2,1,4.0,3,25,99,3,2,1.0,3,1,1,1,1
897,1,24,2,0,1371,5,3,4,2,1,4.0,1,25,21,3,1,,3,1,1,1,0
898,4,12,2,2,763,1,3,4,2,1,1.0,1,26,99,3,2,1.0,3,1,2,1,1
899,1,12,2,6,795,1,2,4,2,1,4.0,2,53,16,3,2,1.0,3,1,1,1,0
900,1,12,2,3,709,1,5,4,3,1,4.0,1,57,9,3,2,1.0,2,1,1,1,0
901,4,36,2,3,2299,3,5,4,3,1,4.0,3,39,99,3,2,1.0,3,1,1,1,1
902,1,24,1,9,3161,1,3,4,3,1,2.0,2,31,4,1,1,1.0,3,1,2,1,0
903,1,21,2,2,3599,1,4,1,2,1,4.0,3,26,90,3,1,1.0,2,1,1,1,1
904,4,60,2,0,6527,5,3,4,3,1,4.0,4,34,71,3,3,1.0,3,2,2,1,1
905,1,12,2,4,741,2,1,4,2,1,3.0,2,22,42,3,2,1.0,3,1,1,1,0
906,1,6,4,0,1361,1,2,2,3,1,4.0,1,40,99,3,2,1.0,2,2,1,2,1
907,2,30,0,9,4280,2,3,4,2,1,4.0,3,26,4,3,1,2.0,2,1,1,1,0
908,1,24,4,1,6615,1,1,2,3,1,4.0,4,75,89,3,3,2.0,4,1,2,1,1
909,2,6,2,3,1068,1,5,4,3,1,4.0,3,28,72,3,2,1.0,3,2,1,1,1
910,4,37,2,2,10974,1,1,4,2,1,2.0,3,26,86,3,2,2.0,4,1,2,1,0
911,4,18,4,2,3780,1,2,3,1,1,2.0,3,35,96,3,2,2.0,4,1,2,1,1
912,1,24,2,1,2924,1,3,3,3,3,4.0,4,63,99,1,2,1.0,3,2,2,1,1
913,1,12,2,2,1282,1,3,2,2,1,4.0,3,20,2,3,1,1.0,3,1,1,1,0
914,4,6,2,3,518,1,3,3,2,1,1.0,1,29,85,3,2,1.0,3,1,1,1,1
915,4,12,2,3,2279,5,3,4,3,1,4.0,4,37,99,3,3,1.0,3,1,2,1,1
916,1,6,2,0,1203,2,5,3,3,1,2.0,2,43,93,3,2,1.0,3,1,2,1,1
917,4,24,2,3,1311,2,4,4,4,1,3.0,2,26,95,3,2,1.0,3,1,2,1,1
918,1,14,2,0,8978,1,5,1,1,1,4.0,2,45,9,3,2,1.0,4,1,2,2,0
919,1,42,3,3,4370,1,4,3,3,1,2.0,2,26,5,1,2,2.0,3,2,2,1,0
920,4,12,4,3,522,3,5,4,3,1,4.0,2,42,99,3,2,2.0,3,2,2,1,1
921,4,36,3,3,4463,1,3,4,3,1,2.0,3,26,34,3,2,2.0,4,1,2,1,0
922,1,12,4,0,691,1,5,4,3,1,3.0,2,35,19,3,2,2.0,3,1,1,1,0
923,4,48,2,9,4844,1,1,3,3,1,2.0,3,33,2,3,1,1.0,4,1,2,1,0
924,4,24,2,3,1376,3,4,4,2,1,1.0,3,28,99,3,2,1.0,3,1,1,1,1
925,2,49,2,9,15672,1,3,2,3,1,2.0,3,23,10,3,2,1.0,3,1,2,1,0
926,2,12,4,1,1860,1,1,4,3,1,2.0,3,34,88,3,2,2.0,4,1,2,1,1
927,2,12,4,3,3573,1,3,1,2,1,1.0,1,23,99,3,2,1.0,2,1,1,1,1
928,2,18,3,9,2427,5,5,4,3,1,2.0,2,42,90,3,2,2.0,3,1,1,1,1
929,4,36,4,1,5711,4,5,4,3,1,2.0,3,38,99,3,2,2.0,4,1,2,1,1
930,1,12,0,5,1108,1,4,4,3,1,3.0,1,28,90,3,2,2.0,3,1,1,1,0
931,2,18,2,1,12976,1,1,3,2,1,,4,38,14,3,3,1.0,4,1,2,1,0
932,4,15,2,0,3186,4,4,2,2,1,3.0,3,20,96,3,1,1.0,3,1,1,1,1
933,2,24,4,2,4736,1,2,2,2,1,4.0,3,25,15,1,2,1.0,2,2,1,1,0
934,1,6,4,2,1872,1,1,4,3,1,4.0,4,36,81,3,3,3.0,4,1,2,1,1
935,2,6,2,3,753,1,3,2,2,3,3.0,1,64,74,3,2,1.0,3,1,1,1,1
936,4,12,1,8,3447,3,3,4,2,1,3.0,1,35,99,3,2,1.0,2,2,1,1,1
937,4,14,3,0,802,1,3,4,3,1,2.0,3,27,99,3,2,2.0,2,1,1,1,1
938,4,36,2,0,3079,5,3,4,3,1,4.0,1,36,99,3,2,1.0,3,1,1,1,0
939,1,48,2,0,3931,1,4,4,3,1,4.0,4,46,10,3,3,1.0,3,2,1,1,0
940,4,12,4,9,1185,1,3,3,2,1,2.0,1,27,93,3,2,2.0,3,1,1,1,1
941,4,24,4,1,5804,4,3,4,3,1,2.0,1,27,99,3,2,2.0,3,1,1,1,1
942,4,12,2,1,2445,5,2,2,4,1,4.0,3,26,96,3,1,1.0,3,1,2,1,1
943,2,24,4,9,2825,5,4,4,3,1,3.0,4,34,99,3,2,2.0,3,2,2,1,1
944,4,6,1,0,783,5,3,1,3,3,2.0,1,26,99,2,2,1.0,2,2,1,1,0
945,2,12,0,8,1410,1,3,2,3,1,2.0,1,31,86,3,2,1.0,2,1,2,1,1
946,2,6,3,9,1449,2,5,1,1,1,2.0,3,31,99,1,2,2.0,3,2,1,1,1
947,2,30,2,3,1715,5,3,4,2,1,1.0,3,26,80,3,2,1.0,3,1,1,1,1
948,1,12,2,0,3651,4,3,1,3,1,3.0,2,31,99,3,2,1.0,3,2,1,1,1
949,2,36,4,1,5800,1,3,3,3,1,4.0,3,34,59,3,2,2.0,3,1,2,1,1
950,2,11,4,0,1322,4,3,4,2,1,4.0,3,40,97,3,2,2.0,3,1,1,1,1
951,1,24,1,10,1358,5,5,4,3,1,3.0,3,40,20,2,2,1.0,4,1,2,1,0
952,2,18,2,3,3213,3,2,1,4,1,3.0,1,25,99,3,1,1.0,3,1,1,1,1
953,4,18,4,3,6070,1,5,3,3,1,5.0,3,33,99,3,2,2.0,3,1,2,1,1
954,2,36,2,1,9398,1,2,1,4,1,4.0,3,28,13,3,1,1.0,4,1,2,1,0
955,4,36,2,6,1819,1,3,4,3,1,4.0,4,37,88,2,3,1.0,3,1,2,1,0
956,2,21,2,3,1444,5,2,4,3,1,1.0,2,23,99,3,2,1.0,3,1,1,1,1
957,4,15,2,0,5324,3,5,1,2,1,4.0,4,35,96,3,3,1.0,3,1,1,1,1
958,2,9,2,3,2118,1,3,2,3,1,2.0,1,37,98,3,2,1.0,2,2,1,1,1
959,2,17,3,2,4297,1,5,4,1,1,3.0,4,40,42,3,2,1.0,4,1,2,1,0
960,2,24,2,3,1967,1,5,4,2,1,4.0,3,20,81,3,2,1.0,3,1,2,1,1
961,4,36,4,3,9566,1,3,2,2,1,2.0,3,31,89,2,2,2.0,3,1,1,1,1
962,2,54,0,9,15945,1,2,3,3,1,4.0,4,58,4,3,1,1.0,3,1,2,1,0
963,2,18,0,2,3244,1,3,1,2,1,4.0,3,33,53,1,2,,3,1,2,1,1
964,2,60,3,3,9157,5,3,2,3,1,2.0,4,27,52,3,3,1.0,4,1,1,1,1
965,4,18,3,2,1808,1,4,4,2,1,1.0,1,22,29,3,2,1.0,3,1,1,1,0
966,1,48,2,4,3051,1,3,3,3,1,4.0,3,54,8,3,2,1.0,3,1,1,1,1
967,4,21,2,2,2241,1,5,4,3,1,2.0,1,50,99,3,2,2.0,3,1,1,1,1
968,2,24,2,1,2760,5,5,4,3,1,4.0,4,36,66,1,3,1.0,3,1,2,1,1
969,4,10,2,1,2901,5,2,1,2,1,4.0,1,31,99,3,1,1.0,3,1,1,1,1
970,4,6,4,3,1740,1,5,2,4,1,2.0,1,30,97,3,1,2.0,3,1,1,1,1
971,4,9,2,3,2753,2,5,3,3,2,4.0,3,35,99,3,2,1.0,3,1,2,1,1
972,4,12,4,2,3331,1,5,2,3,1,4.0,2,42,98,2,2,1.0,3,1,1,1,1
973,1,12,4,2,2246,1,5,3,3,1,3.0,2,60,86,3,2,2.0,3,1,1,1,0
974,4,24,4,5,2058,1,3,4,1,1,,1,33,91,3,2,2.0,3,1,2,1,1
975,2,24,3,9,6967,2,4,4,3,1,4.0,3,36,91,3,1,1.0,4,1,2,1,1
976,3,6,4,6,1047,1,3,2,2,1,4.0,2,50,96,3,2,1.0,2,1,1,1,1
977,4,48,3,3,12749,3,4,4,3,1,1.0,3,37,99,3,2,1.0,4,1,2,1,1
978,2,15,2,5,1308,1,5,4,3,1,4.0,3,38,47,3,2,2.0,2,1,1,1,1
979,1,24,0,2,4110,1,5,3,3,1,4.0,4,23,5,1,1,2.0,3,2,1,1,0
980,4,30,2,1,4811,5,4,2,2,1,4.0,2,24,51,2,1,1.0,2,1,1,1,1
981,4,12,4,2,1258,1,2,2,2,1,4.0,2,22,99,3,1,2.0,2,1,1,1,1
982,2,12,4,4,1424,1,4,4,3,1,3.0,2,26,99,3,2,1.0,3,1,1,1,1
983,2,12,2,8,754,5,5,4,3,1,4.0,2,38,86,3,2,2.0,3,1,1,1,1
984,1,12,2,1,3386,1,5,3,3,1,4.0,4,35,11,3,3,1.0,3,1,2,1,0
985,4,24,4,3,1851,1,4,4,4,3,2.0,3,33,99,3,2,2.0,3,1,2,1,1
986,3,9,2,3,745,1,3,3,2,1,2.0,1,28,98,3,2,1.0,2,1,1,1,0
987,1,31,0,2,4583,1,3,2,1,3,2.0,1,32,36,3,2,2.0,3,1,1,1,1
988,4,6,4,3,700,5,5,4,3,1,4.0,4,36,97,3,3,2.0,3,1,1,1,1
989,2,48,3,9,6681,5,3,4,3,1,4.0,4,38,80,3,3,1.0,3,2,2,1,1
990,4,18,2,2,3422,1,5,4,3,1,4.0,2,47,96,1,2,3.0,3,2,2,1,1
991,1,36,4,1,9629,1,4,4,3,1,4.0,3,24,14,3,2,2.0,3,1,2,1,0
992,1,24,1,0,1193,1,1,1,2,2,4.0,4,29,23,3,1,2.0,1,1,1,1,0
993,2,18,4,2,3612,1,5,3,2,1,4.0,2,37,95,3,2,1.0,3,1,2,2,1
994,4,9,4,2,2406,1,1,2,3,1,3.0,3,31,99,3,2,1.0,4,1,1,1,0
995,4,4,2,2,601,1,2,1,2,1,3.0,1,23,96,3,1,1.0,2,2,1,1,1
996,2,24,2,10,11328,1,3,2,3,2,3.0,3,29,15,1,2,2.0,4,1,2,1,0
997,1,24,1,3,1546,1,4,4,3,3,4.0,3,24,43,1,1,1.0,2,1,1,1,0
998,4,15,4,3,1360,1,3,4,3,1,2.0,2,31,99,3,2,2.0,3,1,1,1,1
999,1,18,4,0,3966,1,5,1,2,1,4.0,1,33,8,1,1,3.0,3,1,2,1,0
1000,1,24,2,0,915,5,5,4,2,1,2.0,3,29,21,1,2,1.0,3,1,1,1,0
